DEBUG - 2026-10-02 07:48:22 --> Session: Class initialized using 'CodeIgniter\Session\Handlers\FileHandler' driver.
DEBUG - 2026-10-02 07:48:22 --> Session: Class initialized using 'CodeIgniter\Session\Handlers\FileHandler' driver.
CRITICAL - 2026-10-02 07:48:25 --> ErrorException: Undefined variable $totalTime
[Method: GET, Route: /]
in SYSTEMPATH\Debug\Toolbar\Views\toolbar.tpl.php on line 50.
 1 SYSTEMPATH\Debug\Toolbar\Views\toolbar.tpl.php(50): CodeIgniter\Debug\Exceptions->errorHandler(2, 'Undefined variable $totalTime', 'C:\\xampp\\htdocs\\revit-smp\\vendor\\codeigniter4\\framework\\system\\Debug\\Toolbar\\Views\\toolbar.tpl.php', 50)
 2 SYSTEMPATH\Debug\Toolbar.php(531): include('C:\\xampp\\htdocs\\revit-smp\\vendor\\codeigniter4\\framework\\system\\Debug\\Toolbar\\Views\\toolbar.tpl.php')
 3 SYSTEMPATH\Debug\Toolbar.php(494): CodeIgniter\Debug\Toolbar->format([...], 'html')
 4 APPPATH\Config\Events.php(49): CodeIgniter\Debug\Toolbar->respond()
 5 SYSTEMPATH\Events\Events.php(152): CodeIgniter\Events\Events::Config\{closure}()
 6 SYSTEMPATH\CodeIgniter.php(348): CodeIgniter\Events\Events::trigger('pre_system')
 7 SYSTEMPATH\Boot.php(417): CodeIgniter\CodeIgniter->run()
 8 SYSTEMPATH\Boot.php(68): CodeIgniter\Boot::runCodeIgniter(Object(CodeIgniter\CodeIgniter))
 9 FCPATH\index.php(14): CodeIgniter\Boot::bootWeb(Object(Config\Paths))
DEBUG - 2026-10-02 07:48:29 --> Session: Class initialized using 'CodeIgniter\Session\Handlers\FileHandler' driver.
DEBUG - 2026-10-02 07:48:30 --> Session: Class initialized using 'CodeIgniter\Session\Handlers\FileHandler' driver.
DEBUG - 2026-10-02 07:48:30 --> Session: Class initialized using 'CodeIgniter\Session\Handlers\FileHandler' driver.
DEBUG - 2026-10-02 07:48:30 --> Session: Class initialized using 'CodeIgniter\Session\Handlers\FileHandler' driver.
DEBUG - 2026-10-02 07:48:34 --> Session: Class initialized using 'CodeIgniter\Session\Handlers\FileHandler' driver.
DEBUG - 2026-10-02 07:48:41 --> Session: Class initialized using 'CodeIgniter\Session\Handlers\FileHandler' driver.
DEBUG - 2026-10-02 07:48:46 --> Session: Class initialized using 'CodeIgniter\Session\Handlers\FileHandler' driver.
ERROR - 2026-10-02 07:48:46 --> Table 'revit_smp.dokumen_keuangan' doesn't exist
in SYSTEMPATH\Database\MySQLi\Connection.php on line 300.
 1 SYSTEMPATH\Database\MySQLi\Connection.php(300): mysqli->query('SELECT `id`, `sekolah_id`, `tanggal_kuitansi` AS `tanggal`, `keterangan`, `file_pdf`, `created_at`
FROM `dokumen_keuangan`
WHERE `sekolah_id` = 1
AND `kategori` = \'bahan-bangunan\'
ORDER BY `tanggal_kuitansi` DESC, `id` DESC', 0)
 2 SYSTEMPATH\Database\BaseConnection.php(908): CodeIgniter\Database\MySQLi\Connection->execute('SELECT `id`, `sekolah_id`, `tanggal_kuitansi` AS `tanggal`, `keterangan`, `file_pdf`, `created_at`
FROM `dokumen_keuangan`
WHERE `sekolah_id` = 1
AND `kategori` = \'bahan-bangunan\'
ORDER BY `tanggal_kuitansi` DESC, `id` DESC')
 3 SYSTEMPATH\Database\BaseConnection.php(825): CodeIgniter\Database\BaseConnection->simpleQuery('SELECT `id`, `sekolah_id`, `tanggal_kuitansi` AS `tanggal`, `keterangan`, `file_pdf`, `created_at`
FROM `dokumen_keuangan`
WHERE `sekolah_id` = 1
AND `kategori` = \'bahan-bangunan\'
ORDER BY `tanggal_kuitansi` DESC, `id` DESC')
 4 SYSTEMPATH\Database\BaseBuilder.php(1659): CodeIgniter\Database\BaseConnection->query('SELECT `id`, `sekolah_id`, `tanggal_kuitansi` AS `tanggal`, `keterangan`, `file_pdf`, `created_at`
FROM `dokumen_keuangan`
WHERE `sekolah_id` = :sekolah_id:
AND `kategori` = :kategori:
ORDER BY `tanggal_kuitansi` DESC, `id` DESC', [...], false)
 5 APPPATH\Controllers\AdminKeuangan.php(67): CodeIgniter\Database\BaseBuilder->get()
 6 SYSTEMPATH\CodeIgniter.php(974): App\Controllers\AdminKeuangan->index('bahan-bangunan')
 7 SYSTEMPATH\CodeIgniter.php(520): CodeIgniter\CodeIgniter->runController(Object(App\Controllers\AdminKeuangan))
 8 SYSTEMPATH\CodeIgniter.php(363): CodeIgniter\CodeIgniter->handleRequest(null, Object(Config\Cache), false)
 9 SYSTEMPATH\Boot.php(417): CodeIgniter\CodeIgniter->run()
10 SYSTEMPATH\Boot.php(68): CodeIgniter\Boot::runCodeIgniter(Object(CodeIgniter\CodeIgniter))
11 FCPATH\index.php(14): CodeIgniter\Boot::bootWeb(Object(Config\Paths))
CRITICAL - 2026-10-02 07:48:46 --> CodeIgniter\Database\Exceptions\DatabaseException: Table 'revit_smp.dokumen_keuangan' doesn't exist
[Method: GET, Route: admin/keuangan/bahan-bangunan]
in SYSTEMPATH\Database\BaseConnection.php on line 863.
 1 SYSTEMPATH\Database\BaseBuilder.php(1659): CodeIgniter\Database\BaseConnection->query('SELECT `id`, `sekolah_id`, `tanggal_kuitansi` AS `tanggal`, `keterangan`, `file_pdf`, `created_at`
FROM `dokumen_keuangan`
WHERE `sekolah_id` = :sekolah_id:
AND `kategori` = :kategori:
ORDER BY `tanggal_kuitansi` DESC, `id` DESC', [...], false)
 2 APPPATH\Controllers\AdminKeuangan.php(67): CodeIgniter\Database\BaseBuilder->get()
 3 SYSTEMPATH\CodeIgniter.php(974): App\Controllers\AdminKeuangan->index('bahan-bangunan')
 4 SYSTEMPATH\CodeIgniter.php(520): CodeIgniter\CodeIgniter->runController(Object(App\Controllers\AdminKeuangan))
 5 SYSTEMPATH\CodeIgniter.php(363): CodeIgniter\CodeIgniter->handleRequest(null, Object(Config\Cache), false)
 6 SYSTEMPATH\Boot.php(417): CodeIgniter\CodeIgniter->run()
 7 SYSTEMPATH\Boot.php(68): CodeIgniter\Boot::runCodeIgniter(Object(CodeIgniter\CodeIgniter))
 8 FCPATH\index.php(14): CodeIgniter\Boot::bootWeb(Object(Config\Paths))
CRITICAL - 2026-10-02 07:48:46 --> [Caused by] CodeIgniter\Database\Exceptions\DatabaseException: Table 'revit_smp.dokumen_keuangan' doesn't exist
in SYSTEMPATH\Database\MySQLi\Connection.php on line 310.
 1 SYSTEMPATH\Database\BaseConnection.php(908): CodeIgniter\Database\MySQLi\Connection->execute('SELECT `id`, `sekolah_id`, `tanggal_kuitansi` AS `tanggal`, `keterangan`, `file_pdf`, `created_at`
FROM `dokumen_keuangan`
WHERE `sekolah_id` = 1
AND `kategori` = \'bahan-bangunan\'
ORDER BY `tanggal_kuitansi` DESC, `id` DESC')
 2 SYSTEMPATH\Database\BaseConnection.php(825): CodeIgniter\Database\BaseConnection->simpleQuery('SELECT `id`, `sekolah_id`, `tanggal_kuitansi` AS `tanggal`, `keterangan`, `file_pdf`, `created_at`
FROM `dokumen_keuangan`
WHERE `sekolah_id` = 1
AND `kategori` = \'bahan-bangunan\'
ORDER BY `tanggal_kuitansi` DESC, `id` DESC')
 3 SYSTEMPATH\Database\BaseBuilder.php(1659): CodeIgniter\Database\BaseConnection->query('SELECT `id`, `sekolah_id`, `tanggal_kuitansi` AS `tanggal`, `keterangan`, `file_pdf`, `created_at`
FROM `dokumen_keuangan`
WHERE `sekolah_id` = :sekolah_id:
AND `kategori` = :kategori:
ORDER BY `tanggal_kuitansi` DESC, `id` DESC', [...], false)
 4 APPPATH\Controllers\AdminKeuangan.php(67): CodeIgniter\Database\BaseBuilder->get()
 5 SYSTEMPATH\CodeIgniter.php(974): App\Controllers\AdminKeuangan->index('bahan-bangunan')
 6 SYSTEMPATH\CodeIgniter.php(520): CodeIgniter\CodeIgniter->runController(Object(App\Controllers\AdminKeuangan))
 7 SYSTEMPATH\CodeIgniter.php(363): CodeIgniter\CodeIgniter->handleRequest(null, Object(Config\Cache), false)
 8 SYSTEMPATH\Boot.php(417): CodeIgniter\CodeIgniter->run()
 9 SYSTEMPATH\Boot.php(68): CodeIgniter\Boot::runCodeIgniter(Object(CodeIgniter\CodeIgniter))
10 FCPATH\index.php(14): CodeIgniter\Boot::bootWeb(Object(Config\Paths))
CRITICAL - 2026-10-02 07:48:46 --> [Caused by] mysqli_sql_exception: Table 'revit_smp.dokumen_keuangan' doesn't exist
in SYSTEMPATH\Database\MySQLi\Connection.php on line 300.
 1 SYSTEMPATH\Database\MySQLi\Connection.php(300): mysqli->query('SELECT `id`, `sekolah_id`, `tanggal_kuitansi` AS `tanggal`, `keterangan`, `file_pdf`, `created_at`
FROM `dokumen_keuangan`
WHERE `sekolah_id` = 1
AND `kategori` = \'bahan-bangunan\'
ORDER BY `tanggal_kuitansi` DESC, `id` DESC', 0)
 2 SYSTEMPATH\Database\BaseConnection.php(908): CodeIgniter\Database\MySQLi\Connection->execute('SELECT `id`, `sekolah_id`, `tanggal_kuitansi` AS `tanggal`, `keterangan`, `file_pdf`, `created_at`
FROM `dokumen_keuangan`
WHERE `sekolah_id` = 1
AND `kategori` = \'bahan-bangunan\'
ORDER BY `tanggal_kuitansi` DESC, `id` DESC')
 3 SYSTEMPATH\Database\BaseConnection.php(825): CodeIgniter\Database\BaseConnection->simpleQuery('SELECT `id`, `sekolah_id`, `tanggal_kuitansi` AS `tanggal`, `keterangan`, `file_pdf`, `created_at`
FROM `dokumen_keuangan`
WHERE `sekolah_id` = 1
AND `kategori` = \'bahan-bangunan\'
ORDER BY `tanggal_kuitansi` DESC, `id` DESC')
 4 SYSTEMPATH\Database\BaseBuilder.php(1659): CodeIgniter\Database\BaseConnection->query('SELECT `id`, `sekolah_id`, `tanggal_kuitansi` AS `tanggal`, `keterangan`, `file_pdf`, `created_at`
FROM `dokumen_keuangan`
WHERE `sekolah_id` = :sekolah_id:
AND `kategori` = :kategori:
ORDER BY `tanggal_kuitansi` DESC, `id` DESC', [...], false)
 5 APPPATH\Controllers\AdminKeuangan.php(67): CodeIgniter\Database\BaseBuilder->get()
 6 SYSTEMPATH\CodeIgniter.php(974): App\Controllers\AdminKeuangan->index('bahan-bangunan')
 7 SYSTEMPATH\CodeIgniter.php(520): CodeIgniter\CodeIgniter->runController(Object(App\Controllers\AdminKeuangan))
 8 SYSTEMPATH\CodeIgniter.php(363): CodeIgniter\CodeIgniter->handleRequest(null, Object(Config\Cache), false)
 9 SYSTEMPATH\Boot.php(417): CodeIgniter\CodeIgniter->run()
10 SYSTEMPATH\Boot.php(68): CodeIgniter\Boot::runCodeIgniter(Object(CodeIgniter\CodeIgniter))
11 FCPATH\index.php(14): CodeIgniter\Boot::bootWeb(Object(Config\Paths))
DEBUG - 2026-10-02 07:49:03 --> Session: Class initialized using 'CodeIgniter\Session\Handlers\FileHandler' driver.
DEBUG - 2026-10-02 07:49:03 --> Session: Class initialized using 'CodeIgniter\Session\Handlers\FileHandler' driver.
DEBUG - 2026-10-02 07:49:06 --> Session: Class initialized using 'CodeIgniter\Session\Handlers\FileHandler' driver.
DEBUG - 2026-10-02 07:49:06 --> Session: Class initialized using 'CodeIgniter\Session\Handlers\FileHandler' driver.
DEBUG - 2026-10-02 07:49:06 --> Session: Class initialized using 'CodeIgniter\Session\Handlers\FileHandler' driver.
DEBUG - 2026-10-02 07:49:15 --> Session: Class initialized using 'CodeIgniter\Session\Handlers\FileHandler' driver.
ERROR - 2026-10-02 07:49:15 --> Table 'revit_smp.dokumen_keuangan' doesn't exist
in SYSTEMPATH\Database\MySQLi\Connection.php on line 300.
 1 SYSTEMPATH\Database\MySQLi\Connection.php(300): mysqli->query('SELECT `id`, `sekolah_id`, `tanggal_kuitansi` AS `tanggal`, `keterangan`, `file_pdf`, `created_at`
FROM `dokumen_keuangan`
WHERE `sekolah_id` = 1
AND `kategori` = \'bahan-bangunan\'
ORDER BY `tanggal_kuitansi` DESC, `id` DESC', 0)
 2 SYSTEMPATH\Database\BaseConnection.php(908): CodeIgniter\Database\MySQLi\Connection->execute('SELECT `id`, `sekolah_id`, `tanggal_kuitansi` AS `tanggal`, `keterangan`, `file_pdf`, `created_at`
FROM `dokumen_keuangan`
WHERE `sekolah_id` = 1
AND `kategori` = \'bahan-bangunan\'
ORDER BY `tanggal_kuitansi` DESC, `id` DESC')
 3 SYSTEMPATH\Database\BaseConnection.php(825): CodeIgniter\Database\BaseConnection->simpleQuery('SELECT `id`, `sekolah_id`, `tanggal_kuitansi` AS `tanggal`, `keterangan`, `file_pdf`, `created_at`
FROM `dokumen_keuangan`
WHERE `sekolah_id` = 1
AND `kategori` = \'bahan-bangunan\'
ORDER BY `tanggal_kuitansi` DESC, `id` DESC')
 4 SYSTEMPATH\Database\BaseBuilder.php(1659): CodeIgniter\Database\BaseConnection->query('SELECT `id`, `sekolah_id`, `tanggal_kuitansi` AS `tanggal`, `keterangan`, `file_pdf`, `created_at`
FROM `dokumen_keuangan`
WHERE `sekolah_id` = :sekolah_id:
AND `kategori` = :kategori:
ORDER BY `tanggal_kuitansi` DESC, `id` DESC', [...], false)
 5 APPPATH\Controllers\AdminKeuangan.php(67): CodeIgniter\Database\BaseBuilder->get()
 6 SYSTEMPATH\CodeIgniter.php(974): App\Controllers\AdminKeuangan->index('bahan-bangunan')
 7 SYSTEMPATH\CodeIgniter.php(520): CodeIgniter\CodeIgniter->runController(Object(App\Controllers\AdminKeuangan))
 8 SYSTEMPATH\CodeIgniter.php(363): CodeIgniter\CodeIgniter->handleRequest(null, Object(Config\Cache), false)
 9 SYSTEMPATH\Boot.php(417): CodeIgniter\CodeIgniter->run()
10 SYSTEMPATH\Boot.php(68): CodeIgniter\Boot::runCodeIgniter(Object(CodeIgniter\CodeIgniter))
11 FCPATH\index.php(14): CodeIgniter\Boot::bootWeb(Object(Config\Paths))
CRITICAL - 2026-10-02 07:49:15 --> CodeIgniter\Database\Exceptions\DatabaseException: Table 'revit_smp.dokumen_keuangan' doesn't exist
[Method: GET, Route: admin/keuangan/bahan-bangunan]
in SYSTEMPATH\Database\BaseConnection.php on line 863.
 1 SYSTEMPATH\Database\BaseBuilder.php(1659): CodeIgniter\Database\BaseConnection->query('SELECT `id`, `sekolah_id`, `tanggal_kuitansi` AS `tanggal`, `keterangan`, `file_pdf`, `created_at`
FROM `dokumen_keuangan`
WHERE `sekolah_id` = :sekolah_id:
AND `kategori` = :kategori:
ORDER BY `tanggal_kuitansi` DESC, `id` DESC', [...], false)
 2 APPPATH\Controllers\AdminKeuangan.php(67): CodeIgniter\Database\BaseBuilder->get()
 3 SYSTEMPATH\CodeIgniter.php(974): App\Controllers\AdminKeuangan->index('bahan-bangunan')
 4 SYSTEMPATH\CodeIgniter.php(520): CodeIgniter\CodeIgniter->runController(Object(App\Controllers\AdminKeuangan))
 5 SYSTEMPATH\CodeIgniter.php(363): CodeIgniter\CodeIgniter->handleRequest(null, Object(Config\Cache), false)
 6 SYSTEMPATH\Boot.php(417): CodeIgniter\CodeIgniter->run()
 7 SYSTEMPATH\Boot.php(68): CodeIgniter\Boot::runCodeIgniter(Object(CodeIgniter\CodeIgniter))
 8 FCPATH\index.php(14): CodeIgniter\Boot::bootWeb(Object(Config\Paths))
CRITICAL - 2026-10-02 07:49:15 --> [Caused by] CodeIgniter\Database\Exceptions\DatabaseException: Table 'revit_smp.dokumen_keuangan' doesn't exist
in SYSTEMPATH\Database\MySQLi\Connection.php on line 310.
 1 SYSTEMPATH\Database\BaseConnection.php(908): CodeIgniter\Database\MySQLi\Connection->execute('SELECT `id`, `sekolah_id`, `tanggal_kuitansi` AS `tanggal`, `keterangan`, `file_pdf`, `created_at`
FROM `dokumen_keuangan`
WHERE `sekolah_id` = 1
AND `kategori` = \'bahan-bangunan\'
ORDER BY `tanggal_kuitansi` DESC, `id` DESC')
 2 SYSTEMPATH\Database\BaseConnection.php(825): CodeIgniter\Database\BaseConnection->simpleQuery('SELECT `id`, `sekolah_id`, `tanggal_kuitansi` AS `tanggal`, `keterangan`, `file_pdf`, `created_at`
FROM `dokumen_keuangan`
WHERE `sekolah_id` = 1
AND `kategori` = \'bahan-bangunan\'
ORDER BY `tanggal_kuitansi` DESC, `id` DESC')
 3 SYSTEMPATH\Database\BaseBuilder.php(1659): CodeIgniter\Database\BaseConnection->query('SELECT `id`, `sekolah_id`, `tanggal_kuitansi` AS `tanggal`, `keterangan`, `file_pdf`, `created_at`
FROM `dokumen_keuangan`
WHERE `sekolah_id` = :sekolah_id:
AND `kategori` = :kategori:
ORDER BY `tanggal_kuitansi` DESC, `id` DESC', [...], false)
 4 APPPATH\Controllers\AdminKeuangan.php(67): CodeIgniter\Database\BaseBuilder->get()
 5 SYSTEMPATH\CodeIgniter.php(974): App\Controllers\AdminKeuangan->index('bahan-bangunan')
 6 SYSTEMPATH\CodeIgniter.php(520): CodeIgniter\CodeIgniter->runController(Object(App\Controllers\AdminKeuangan))
 7 SYSTEMPATH\CodeIgniter.php(363): CodeIgniter\CodeIgniter->handleRequest(null, Object(Config\Cache), false)
 8 SYSTEMPATH\Boot.php(417): CodeIgniter\CodeIgniter->run()
 9 SYSTEMPATH\Boot.php(68): CodeIgniter\Boot::runCodeIgniter(Object(CodeIgniter\CodeIgniter))
10 FCPATH\index.php(14): CodeIgniter\Boot::bootWeb(Object(Config\Paths))
CRITICAL - 2026-10-02 07:49:15 --> [Caused by] mysqli_sql_exception: Table 'revit_smp.dokumen_keuangan' doesn't exist
in SYSTEMPATH\Database\MySQLi\Connection.php on line 300.
 1 SYSTEMPATH\Database\MySQLi\Connection.php(300): mysqli->query('SELECT `id`, `sekolah_id`, `tanggal_kuitansi` AS `tanggal`, `keterangan`, `file_pdf`, `created_at`
FROM `dokumen_keuangan`
WHERE `sekolah_id` = 1
AND `kategori` = \'bahan-bangunan\'
ORDER BY `tanggal_kuitansi` DESC, `id` DESC', 0)
 2 SYSTEMPATH\Database\BaseConnection.php(908): CodeIgniter\Database\MySQLi\Connection->execute('SELECT `id`, `sekolah_id`, `tanggal_kuitansi` AS `tanggal`, `keterangan`, `file_pdf`, `created_at`
FROM `dokumen_keuangan`
WHERE `sekolah_id` = 1
AND `kategori` = \'bahan-bangunan\'
ORDER BY `tanggal_kuitansi` DESC, `id` DESC')
 3 SYSTEMPATH\Database\BaseConnection.php(825): CodeIgniter\Database\BaseConnection->simpleQuery('SELECT `id`, `sekolah_id`, `tanggal_kuitansi` AS `tanggal`, `keterangan`, `file_pdf`, `created_at`
FROM `dokumen_keuangan`
WHERE `sekolah_id` = 1
AND `kategori` = \'bahan-bangunan\'
ORDER BY `tanggal_kuitansi` DESC, `id` DESC')
 4 SYSTEMPATH\Database\BaseBuilder.php(1659): CodeIgniter\Database\BaseConnection->query('SELECT `id`, `sekolah_id`, `tanggal_kuitansi` AS `tanggal`, `keterangan`, `file_pdf`, `created_at`
FROM `dokumen_keuangan`
WHERE `sekolah_id` = :sekolah_id:
AND `kategori` = :kategori:
ORDER BY `tanggal_kuitansi` DESC, `id` DESC', [...], false)
 5 APPPATH\Controllers\AdminKeuangan.php(67): CodeIgniter\Database\BaseBuilder->get()
 6 SYSTEMPATH\CodeIgniter.php(974): App\Controllers\AdminKeuangan->index('bahan-bangunan')
 7 SYSTEMPATH\CodeIgniter.php(520): CodeIgniter\CodeIgniter->runController(Object(App\Controllers\AdminKeuangan))
 8 SYSTEMPATH\CodeIgniter.php(363): CodeIgniter\CodeIgniter->handleRequest(null, Object(Config\Cache), false)
 9 SYSTEMPATH\Boot.php(417): CodeIgniter\CodeIgniter->run()
10 SYSTEMPATH\Boot.php(68): CodeIgniter\Boot::runCodeIgniter(Object(CodeIgniter\CodeIgniter))
11 FCPATH\index.php(14): CodeIgniter\Boot::bootWeb(Object(Config\Paths))
DEBUG - 2026-10-02 07:58:42 --> Session: Class initialized using 'CodeIgniter\Session\Handlers\FileHandler' driver.
ERROR - 2026-10-02 07:58:42 --> Unknown column 'tanggal_kuitansi' in 'field list'
in SYSTEMPATH\Database\MySQLi\Connection.php on line 300.
 1 SYSTEMPATH\Database\MySQLi\Connection.php(300): mysqli->query('SELECT `id`, `sekolah_id`, `tanggal_kuitansi` AS `tanggal`, `keterangan`, `file_pdf`, `created_at`
FROM `dokumen_keuangan`
WHERE `sekolah_id` = 1
AND `kategori` = \'bahan-bangunan\'
ORDER BY `tanggal_kuitansi` DESC, `id` DESC', 0)
 2 SYSTEMPATH\Database\BaseConnection.php(908): CodeIgniter\Database\MySQLi\Connection->execute('SELECT `id`, `sekolah_id`, `tanggal_kuitansi` AS `tanggal`, `keterangan`, `file_pdf`, `created_at`
FROM `dokumen_keuangan`
WHERE `sekolah_id` = 1
AND `kategori` = \'bahan-bangunan\'
ORDER BY `tanggal_kuitansi` DESC, `id` DESC')
 3 SYSTEMPATH\Database\BaseConnection.php(825): CodeIgniter\Database\BaseConnection->simpleQuery('SELECT `id`, `sekolah_id`, `tanggal_kuitansi` AS `tanggal`, `keterangan`, `file_pdf`, `created_at`
FROM `dokumen_keuangan`
WHERE `sekolah_id` = 1
AND `kategori` = \'bahan-bangunan\'
ORDER BY `tanggal_kuitansi` DESC, `id` DESC')
 4 SYSTEMPATH\Database\BaseBuilder.php(1659): CodeIgniter\Database\BaseConnection->query('SELECT `id`, `sekolah_id`, `tanggal_kuitansi` AS `tanggal`, `keterangan`, `file_pdf`, `created_at`
FROM `dokumen_keuangan`
WHERE `sekolah_id` = :sekolah_id:
AND `kategori` = :kategori:
ORDER BY `tanggal_kuitansi` DESC, `id` DESC', [...], false)
 5 APPPATH\Controllers\AdminKeuangan.php(67): CodeIgniter\Database\BaseBuilder->get()
 6 SYSTEMPATH\CodeIgniter.php(974): App\Controllers\AdminKeuangan->index('bahan-bangunan')
 7 SYSTEMPATH\CodeIgniter.php(520): CodeIgniter\CodeIgniter->runController(Object(App\Controllers\AdminKeuangan))
 8 SYSTEMPATH\CodeIgniter.php(363): CodeIgniter\CodeIgniter->handleRequest(null, Object(Config\Cache), false)
 9 SYSTEMPATH\Boot.php(417): CodeIgniter\CodeIgniter->run()
10 SYSTEMPATH\Boot.php(68): CodeIgniter\Boot::runCodeIgniter(Object(CodeIgniter\CodeIgniter))
11 FCPATH\index.php(14): CodeIgniter\Boot::bootWeb(Object(Config\Paths))
CRITICAL - 2026-10-02 07:58:42 --> CodeIgniter\Database\Exceptions\DatabaseException: Unknown column 'tanggal_kuitansi' in 'field list'
[Method: GET, Route: admin/keuangan/bahan-bangunan]
in SYSTEMPATH\Database\BaseConnection.php on line 863.
 1 SYSTEMPATH\Database\BaseBuilder.php(1659): CodeIgniter\Database\BaseConnection->query('SELECT `id`, `sekolah_id`, `tanggal_kuitansi` AS `tanggal`, `keterangan`, `file_pdf`, `created_at`
FROM `dokumen_keuangan`
WHERE `sekolah_id` = :sekolah_id:
AND `kategori` = :kategori:
ORDER BY `tanggal_kuitansi` DESC, `id` DESC', [...], false)
 2 APPPATH\Controllers\AdminKeuangan.php(67): CodeIgniter\Database\BaseBuilder->get()
 3 SYSTEMPATH\CodeIgniter.php(974): App\Controllers\AdminKeuangan->index('bahan-bangunan')
 4 SYSTEMPATH\CodeIgniter.php(520): CodeIgniter\CodeIgniter->runController(Object(App\Controllers\AdminKeuangan))
 5 SYSTEMPATH\CodeIgniter.php(363): CodeIgniter\CodeIgniter->handleRequest(null, Object(Config\Cache), false)
 6 SYSTEMPATH\Boot.php(417): CodeIgniter\CodeIgniter->run()
 7 SYSTEMPATH\Boot.php(68): CodeIgniter\Boot::runCodeIgniter(Object(CodeIgniter\CodeIgniter))
 8 FCPATH\index.php(14): CodeIgniter\Boot::bootWeb(Object(Config\Paths))
CRITICAL - 2026-10-02 07:58:42 --> [Caused by] CodeIgniter\Database\Exceptions\DatabaseException: Unknown column 'tanggal_kuitansi' in 'field list'
in SYSTEMPATH\Database\MySQLi\Connection.php on line 310.
 1 SYSTEMPATH\Database\BaseConnection.php(908): CodeIgniter\Database\MySQLi\Connection->execute('SELECT `id`, `sekolah_id`, `tanggal_kuitansi` AS `tanggal`, `keterangan`, `file_pdf`, `created_at`
FROM `dokumen_keuangan`
WHERE `sekolah_id` = 1
AND `kategori` = \'bahan-bangunan\'
ORDER BY `tanggal_kuitansi` DESC, `id` DESC')
 2 SYSTEMPATH\Database\BaseConnection.php(825): CodeIgniter\Database\BaseConnection->simpleQuery('SELECT `id`, `sekolah_id`, `tanggal_kuitansi` AS `tanggal`, `keterangan`, `file_pdf`, `created_at`
FROM `dokumen_keuangan`
WHERE `sekolah_id` = 1
AND `kategori` = \'bahan-bangunan\'
ORDER BY `tanggal_kuitansi` DESC, `id` DESC')
 3 SYSTEMPATH\Database\BaseBuilder.php(1659): CodeIgniter\Database\BaseConnection->query('SELECT `id`, `sekolah_id`, `tanggal_kuitansi` AS `tanggal`, `keterangan`, `file_pdf`, `created_at`
FROM `dokumen_keuangan`
WHERE `sekolah_id` = :sekolah_id:
AND `kategori` = :kategori:
ORDER BY `tanggal_kuitansi` DESC, `id` DESC', [...], false)
 4 APPPATH\Controllers\AdminKeuangan.php(67): CodeIgniter\Database\BaseBuilder->get()
 5 SYSTEMPATH\CodeIgniter.php(974): App\Controllers\AdminKeuangan->index('bahan-bangunan')
 6 SYSTEMPATH\CodeIgniter.php(520): CodeIgniter\CodeIgniter->runController(Object(App\Controllers\AdminKeuangan))
 7 SYSTEMPATH\CodeIgniter.php(363): CodeIgniter\CodeIgniter->handleRequest(null, Object(Config\Cache), false)
 8 SYSTEMPATH\Boot.php(417): CodeIgniter\CodeIgniter->run()
 9 SYSTEMPATH\Boot.php(68): CodeIgniter\Boot::runCodeIgniter(Object(CodeIgniter\CodeIgniter))
10 FCPATH\index.php(14): CodeIgniter\Boot::bootWeb(Object(Config\Paths))
CRITICAL - 2026-10-02 07:58:42 --> [Caused by] mysqli_sql_exception: Unknown column 'tanggal_kuitansi' in 'field list'
in SYSTEMPATH\Database\MySQLi\Connection.php on line 300.
 1 SYSTEMPATH\Database\MySQLi\Connection.php(300): mysqli->query('SELECT `id`, `sekolah_id`, `tanggal_kuitansi` AS `tanggal`, `keterangan`, `file_pdf`, `created_at`
FROM `dokumen_keuangan`
WHERE `sekolah_id` = 1
AND `kategori` = \'bahan-bangunan\'
ORDER BY `tanggal_kuitansi` DESC, `id` DESC', 0)
 2 SYSTEMPATH\Database\BaseConnection.php(908): CodeIgniter\Database\MySQLi\Connection->execute('SELECT `id`, `sekolah_id`, `tanggal_kuitansi` AS `tanggal`, `keterangan`, `file_pdf`, `created_at`
FROM `dokumen_keuangan`
WHERE `sekolah_id` = 1
AND `kategori` = \'bahan-bangunan\'
ORDER BY `tanggal_kuitansi` DESC, `id` DESC')
 3 SYSTEMPATH\Database\BaseConnection.php(825): CodeIgniter\Database\BaseConnection->simpleQuery('SELECT `id`, `sekolah_id`, `tanggal_kuitansi` AS `tanggal`, `keterangan`, `file_pdf`, `created_at`
FROM `dokumen_keuangan`
WHERE `sekolah_id` = 1
AND `kategori` = \'bahan-bangunan\'
ORDER BY `tanggal_kuitansi` DESC, `id` DESC')
 4 SYSTEMPATH\Database\BaseBuilder.php(1659): CodeIgniter\Database\BaseConnection->query('SELECT `id`, `sekolah_id`, `tanggal_kuitansi` AS `tanggal`, `keterangan`, `file_pdf`, `created_at`
FROM `dokumen_keuangan`
WHERE `sekolah_id` = :sekolah_id:
AND `kategori` = :kategori:
ORDER BY `tanggal_kuitansi` DESC, `id` DESC', [...], false)
 5 APPPATH\Controllers\AdminKeuangan.php(67): CodeIgniter\Database\BaseBuilder->get()
 6 SYSTEMPATH\CodeIgniter.php(974): App\Controllers\AdminKeuangan->index('bahan-bangunan')
 7 SYSTEMPATH\CodeIgniter.php(520): CodeIgniter\CodeIgniter->runController(Object(App\Controllers\AdminKeuangan))
 8 SYSTEMPATH\CodeIgniter.php(363): CodeIgniter\CodeIgniter->handleRequest(null, Object(Config\Cache), false)
 9 SYSTEMPATH\Boot.php(417): CodeIgniter\CodeIgniter->run()
10 SYSTEMPATH\Boot.php(68): CodeIgniter\Boot::runCodeIgniter(Object(CodeIgniter\CodeIgniter))
11 FCPATH\index.php(14): CodeIgniter\Boot::bootWeb(Object(Config\Paths))
DEBUG - 2026-10-02 07:59:05 --> Session: Class initialized using 'CodeIgniter\Session\Handlers\FileHandler' driver.
DEBUG - 2026-10-02 07:59:09 --> Session: Class initialized using 'CodeIgniter\Session\Handlers\FileHandler' driver.
DEBUG - 2026-10-02 07:59:12 --> Session: Class initialized using 'CodeIgniter\Session\Handlers\FileHandler' driver.
ERROR - 2026-10-02 07:59:12 --> Unknown column 'tanggal_kuitansi' in 'field list'
in SYSTEMPATH\Database\MySQLi\Connection.php on line 300.
 1 SYSTEMPATH\Database\MySQLi\Connection.php(300): mysqli->query('SELECT `id`, `sekolah_id`, `tanggal_kuitansi` AS `tanggal`, `keterangan`, `file_pdf`, `created_at`
FROM `dokumen_keuangan`
WHERE `sekolah_id` = 1
AND `kategori` = \'bahan-bangunan\'
ORDER BY `tanggal_kuitansi` DESC, `id` DESC', 0)
 2 SYSTEMPATH\Database\BaseConnection.php(908): CodeIgniter\Database\MySQLi\Connection->execute('SELECT `id`, `sekolah_id`, `tanggal_kuitansi` AS `tanggal`, `keterangan`, `file_pdf`, `created_at`
FROM `dokumen_keuangan`
WHERE `sekolah_id` = 1
AND `kategori` = \'bahan-bangunan\'
ORDER BY `tanggal_kuitansi` DESC, `id` DESC')
 3 SYSTEMPATH\Database\BaseConnection.php(825): CodeIgniter\Database\BaseConnection->simpleQuery('SELECT `id`, `sekolah_id`, `tanggal_kuitansi` AS `tanggal`, `keterangan`, `file_pdf`, `created_at`
FROM `dokumen_keuangan`
WHERE `sekolah_id` = 1
AND `kategori` = \'bahan-bangunan\'
ORDER BY `tanggal_kuitansi` DESC, `id` DESC')
 4 SYSTEMPATH\Database\BaseBuilder.php(1659): CodeIgniter\Database\BaseConnection->query('SELECT `id`, `sekolah_id`, `tanggal_kuitansi` AS `tanggal`, `keterangan`, `file_pdf`, `created_at`
FROM `dokumen_keuangan`
WHERE `sekolah_id` = :sekolah_id:
AND `kategori` = :kategori:
ORDER BY `tanggal_kuitansi` DESC, `id` DESC', [...], false)
 5 APPPATH\Controllers\AdminKeuangan.php(67): CodeIgniter\Database\BaseBuilder->get()
 6 SYSTEMPATH\CodeIgniter.php(974): App\Controllers\AdminKeuangan->index('bahan-bangunan')
 7 SYSTEMPATH\CodeIgniter.php(520): CodeIgniter\CodeIgniter->runController(Object(App\Controllers\AdminKeuangan))
 8 SYSTEMPATH\CodeIgniter.php(363): CodeIgniter\CodeIgniter->handleRequest(null, Object(Config\Cache), false)
 9 SYSTEMPATH\Boot.php(417): CodeIgniter\CodeIgniter->run()
10 SYSTEMPATH\Boot.php(68): CodeIgniter\Boot::runCodeIgniter(Object(CodeIgniter\CodeIgniter))
11 FCPATH\index.php(14): CodeIgniter\Boot::bootWeb(Object(Config\Paths))
CRITICAL - 2026-10-02 07:59:12 --> CodeIgniter\Database\Exceptions\DatabaseException: Unknown column 'tanggal_kuitansi' in 'field list'
[Method: GET, Route: admin/keuangan/bahan-bangunan]
in SYSTEMPATH\Database\BaseConnection.php on line 863.
 1 SYSTEMPATH\Database\BaseBuilder.php(1659): CodeIgniter\Database\BaseConnection->query('SELECT `id`, `sekolah_id`, `tanggal_kuitansi` AS `tanggal`, `keterangan`, `file_pdf`, `created_at`
FROM `dokumen_keuangan`
WHERE `sekolah_id` = :sekolah_id:
AND `kategori` = :kategori:
ORDER BY `tanggal_kuitansi` DESC, `id` DESC', [...], false)
 2 APPPATH\Controllers\AdminKeuangan.php(67): CodeIgniter\Database\BaseBuilder->get()
 3 SYSTEMPATH\CodeIgniter.php(974): App\Controllers\AdminKeuangan->index('bahan-bangunan')
 4 SYSTEMPATH\CodeIgniter.php(520): CodeIgniter\CodeIgniter->runController(Object(App\Controllers\AdminKeuangan))
 5 SYSTEMPATH\CodeIgniter.php(363): CodeIgniter\CodeIgniter->handleRequest(null, Object(Config\Cache), false)
 6 SYSTEMPATH\Boot.php(417): CodeIgniter\CodeIgniter->run()
 7 SYSTEMPATH\Boot.php(68): CodeIgniter\Boot::runCodeIgniter(Object(CodeIgniter\CodeIgniter))
 8 FCPATH\index.php(14): CodeIgniter\Boot::bootWeb(Object(Config\Paths))
CRITICAL - 2026-10-02 07:59:12 --> [Caused by] CodeIgniter\Database\Exceptions\DatabaseException: Unknown column 'tanggal_kuitansi' in 'field list'
in SYSTEMPATH\Database\MySQLi\Connection.php on line 310.
 1 SYSTEMPATH\Database\BaseConnection.php(908): CodeIgniter\Database\MySQLi\Connection->execute('SELECT `id`, `sekolah_id`, `tanggal_kuitansi` AS `tanggal`, `keterangan`, `file_pdf`, `created_at`
FROM `dokumen_keuangan`
WHERE `sekolah_id` = 1
AND `kategori` = \'bahan-bangunan\'
ORDER BY `tanggal_kuitansi` DESC, `id` DESC')
 2 SYSTEMPATH\Database\BaseConnection.php(825): CodeIgniter\Database\BaseConnection->simpleQuery('SELECT `id`, `sekolah_id`, `tanggal_kuitansi` AS `tanggal`, `keterangan`, `file_pdf`, `created_at`
FROM `dokumen_keuangan`
WHERE `sekolah_id` = 1
AND `kategori` = \'bahan-bangunan\'
ORDER BY `tanggal_kuitansi` DESC, `id` DESC')
 3 SYSTEMPATH\Database\BaseBuilder.php(1659): CodeIgniter\Database\BaseConnection->query('SELECT `id`, `sekolah_id`, `tanggal_kuitansi` AS `tanggal`, `keterangan`, `file_pdf`, `created_at`
FROM `dokumen_keuangan`
WHERE `sekolah_id` = :sekolah_id:
AND `kategori` = :kategori:
ORDER BY `tanggal_kuitansi` DESC, `id` DESC', [...], false)
 4 APPPATH\Controllers\AdminKeuangan.php(67): CodeIgniter\Database\BaseBuilder->get()
 5 SYSTEMPATH\CodeIgniter.php(974): App\Controllers\AdminKeuangan->index('bahan-bangunan')
 6 SYSTEMPATH\CodeIgniter.php(520): CodeIgniter\CodeIgniter->runController(Object(App\Controllers\AdminKeuangan))
 7 SYSTEMPATH\CodeIgniter.php(363): CodeIgniter\CodeIgniter->handleRequest(null, Object(Config\Cache), false)
 8 SYSTEMPATH\Boot.php(417): CodeIgniter\CodeIgniter->run()
 9 SYSTEMPATH\Boot.php(68): CodeIgniter\Boot::runCodeIgniter(Object(CodeIgniter\CodeIgniter))
10 FCPATH\index.php(14): CodeIgniter\Boot::bootWeb(Object(Config\Paths))
CRITICAL - 2026-10-02 07:59:12 --> [Caused by] mysqli_sql_exception: Unknown column 'tanggal_kuitansi' in 'field list'
in SYSTEMPATH\Database\MySQLi\Connection.php on line 300.
 1 SYSTEMPATH\Database\MySQLi\Connection.php(300): mysqli->query('SELECT `id`, `sekolah_id`, `tanggal_kuitansi` AS `tanggal`, `keterangan`, `file_pdf`, `created_at`
FROM `dokumen_keuangan`
WHERE `sekolah_id` = 1
AND `kategori` = \'bahan-bangunan\'
ORDER BY `tanggal_kuitansi` DESC, `id` DESC', 0)
 2 SYSTEMPATH\Database\BaseConnection.php(908): CodeIgniter\Database\MySQLi\Connection->execute('SELECT `id`, `sekolah_id`, `tanggal_kuitansi` AS `tanggal`, `keterangan`, `file_pdf`, `created_at`
FROM `dokumen_keuangan`
WHERE `sekolah_id` = 1
AND `kategori` = \'bahan-bangunan\'
ORDER BY `tanggal_kuitansi` DESC, `id` DESC')
 3 SYSTEMPATH\Database\BaseConnection.php(825): CodeIgniter\Database\BaseConnection->simpleQuery('SELECT `id`, `sekolah_id`, `tanggal_kuitansi` AS `tanggal`, `keterangan`, `file_pdf`, `created_at`
FROM `dokumen_keuangan`
WHERE `sekolah_id` = 1
AND `kategori` = \'bahan-bangunan\'
ORDER BY `tanggal_kuitansi` DESC, `id` DESC')
 4 SYSTEMPATH\Database\BaseBuilder.php(1659): CodeIgniter\Database\BaseConnection->query('SELECT `id`, `sekolah_id`, `tanggal_kuitansi` AS `tanggal`, `keterangan`, `file_pdf`, `created_at`
FROM `dokumen_keuangan`
WHERE `sekolah_id` = :sekolah_id:
AND `kategori` = :kategori:
ORDER BY `tanggal_kuitansi` DESC, `id` DESC', [...], false)
 5 APPPATH\Controllers\AdminKeuangan.php(67): CodeIgniter\Database\BaseBuilder->get()
 6 SYSTEMPATH\CodeIgniter.php(974): App\Controllers\AdminKeuangan->index('bahan-bangunan')
 7 SYSTEMPATH\CodeIgniter.php(520): CodeIgniter\CodeIgniter->runController(Object(App\Controllers\AdminKeuangan))
 8 SYSTEMPATH\CodeIgniter.php(363): CodeIgniter\CodeIgniter->handleRequest(null, Object(Config\Cache), false)
 9 SYSTEMPATH\Boot.php(417): CodeIgniter\CodeIgniter->run()
10 SYSTEMPATH\Boot.php(68): CodeIgniter\Boot::runCodeIgniter(Object(CodeIgniter\CodeIgniter))
11 FCPATH\index.php(14): CodeIgniter\Boot::bootWeb(Object(Config\Paths))
DEBUG - 2026-10-02 08:05:44 --> Session: Class initialized using 'CodeIgniter\Session\Handlers\FileHandler' driver.
ERROR - 2026-10-02 08:05:44 --> Unknown column 'kategori' in 'where clause'
in SYSTEMPATH\Database\MySQLi\Connection.php on line 300.
 1 SYSTEMPATH\Database\MySQLi\Connection.php(300): mysqli->query('SELECT `id`, `sekolah_id`, `tanggal_kuitansi` AS `tanggal`, `keterangan`, `file_pdf`, `created_at`
FROM `dokumen_keuangan`
WHERE `sekolah_id` = 1
AND `kategori` = \'bahan-bangunan\'
ORDER BY `tanggal_kuitansi` DESC, `id` DESC', 0)
 2 SYSTEMPATH\Database\BaseConnection.php(908): CodeIgniter\Database\MySQLi\Connection->execute('SELECT `id`, `sekolah_id`, `tanggal_kuitansi` AS `tanggal`, `keterangan`, `file_pdf`, `created_at`
FROM `dokumen_keuangan`
WHERE `sekolah_id` = 1
AND `kategori` = \'bahan-bangunan\'
ORDER BY `tanggal_kuitansi` DESC, `id` DESC')
 3 SYSTEMPATH\Database\BaseConnection.php(825): CodeIgniter\Database\BaseConnection->simpleQuery('SELECT `id`, `sekolah_id`, `tanggal_kuitansi` AS `tanggal`, `keterangan`, `file_pdf`, `created_at`
FROM `dokumen_keuangan`
WHERE `sekolah_id` = 1
AND `kategori` = \'bahan-bangunan\'
ORDER BY `tanggal_kuitansi` DESC, `id` DESC')
 4 SYSTEMPATH\Database\BaseBuilder.php(1659): CodeIgniter\Database\BaseConnection->query('SELECT `id`, `sekolah_id`, `tanggal_kuitansi` AS `tanggal`, `keterangan`, `file_pdf`, `created_at`
FROM `dokumen_keuangan`
WHERE `sekolah_id` = :sekolah_id:
AND `kategori` = :kategori:
ORDER BY `tanggal_kuitansi` DESC, `id` DESC', [...], false)
 5 APPPATH\Controllers\AdminKeuangan.php(67): CodeIgniter\Database\BaseBuilder->get()
 6 SYSTEMPATH\CodeIgniter.php(974): App\Controllers\AdminKeuangan->index('bahan-bangunan')
 7 SYSTEMPATH\CodeIgniter.php(520): CodeIgniter\CodeIgniter->runController(Object(App\Controllers\AdminKeuangan))
 8 SYSTEMPATH\CodeIgniter.php(363): CodeIgniter\CodeIgniter->handleRequest(null, Object(Config\Cache), false)
 9 SYSTEMPATH\Boot.php(417): CodeIgniter\CodeIgniter->run()
10 SYSTEMPATH\Boot.php(68): CodeIgniter\Boot::runCodeIgniter(Object(CodeIgniter\CodeIgniter))
11 FCPATH\index.php(14): CodeIgniter\Boot::bootWeb(Object(Config\Paths))
CRITICAL - 2026-10-02 08:05:44 --> CodeIgniter\Database\Exceptions\DatabaseException: Unknown column 'kategori' in 'where clause'
[Method: GET, Route: admin/keuangan/bahan-bangunan]
in SYSTEMPATH\Database\BaseConnection.php on line 863.
 1 SYSTEMPATH\Database\BaseBuilder.php(1659): CodeIgniter\Database\BaseConnection->query('SELECT `id`, `sekolah_id`, `tanggal_kuitansi` AS `tanggal`, `keterangan`, `file_pdf`, `created_at`
FROM `dokumen_keuangan`
WHERE `sekolah_id` = :sekolah_id:
AND `kategori` = :kategori:
ORDER BY `tanggal_kuitansi` DESC, `id` DESC', [...], false)
 2 APPPATH\Controllers\AdminKeuangan.php(67): CodeIgniter\Database\BaseBuilder->get()
 3 SYSTEMPATH\CodeIgniter.php(974): App\Controllers\AdminKeuangan->index('bahan-bangunan')
 4 SYSTEMPATH\CodeIgniter.php(520): CodeIgniter\CodeIgniter->runController(Object(App\Controllers\AdminKeuangan))
 5 SYSTEMPATH\CodeIgniter.php(363): CodeIgniter\CodeIgniter->handleRequest(null, Object(Config\Cache), false)
 6 SYSTEMPATH\Boot.php(417): CodeIgniter\CodeIgniter->run()
 7 SYSTEMPATH\Boot.php(68): CodeIgniter\Boot::runCodeIgniter(Object(CodeIgniter\CodeIgniter))
 8 FCPATH\index.php(14): CodeIgniter\Boot::bootWeb(Object(Config\Paths))
CRITICAL - 2026-10-02 08:05:44 --> [Caused by] CodeIgniter\Database\Exceptions\DatabaseException: Unknown column 'kategori' in 'where clause'
in SYSTEMPATH\Database\MySQLi\Connection.php on line 310.
 1 SYSTEMPATH\Database\BaseConnection.php(908): CodeIgniter\Database\MySQLi\Connection->execute('SELECT `id`, `sekolah_id`, `tanggal_kuitansi` AS `tanggal`, `keterangan`, `file_pdf`, `created_at`
FROM `dokumen_keuangan`
WHERE `sekolah_id` = 1
AND `kategori` = \'bahan-bangunan\'
ORDER BY `tanggal_kuitansi` DESC, `id` DESC')
 2 SYSTEMPATH\Database\BaseConnection.php(825): CodeIgniter\Database\BaseConnection->simpleQuery('SELECT `id`, `sekolah_id`, `tanggal_kuitansi` AS `tanggal`, `keterangan`, `file_pdf`, `created_at`
FROM `dokumen_keuangan`
WHERE `sekolah_id` = 1
AND `kategori` = \'bahan-bangunan\'
ORDER BY `tanggal_kuitansi` DESC, `id` DESC')
 3 SYSTEMPATH\Database\BaseBuilder.php(1659): CodeIgniter\Database\BaseConnection->query('SELECT `id`, `sekolah_id`, `tanggal_kuitansi` AS `tanggal`, `keterangan`, `file_pdf`, `created_at`
FROM `dokumen_keuangan`
WHERE `sekolah_id` = :sekolah_id:
AND `kategori` = :kategori:
ORDER BY `tanggal_kuitansi` DESC, `id` DESC', [...], false)
 4 APPPATH\Controllers\AdminKeuangan.php(67): CodeIgniter\Database\BaseBuilder->get()
 5 SYSTEMPATH\CodeIgniter.php(974): App\Controllers\AdminKeuangan->index('bahan-bangunan')
 6 SYSTEMPATH\CodeIgniter.php(520): CodeIgniter\CodeIgniter->runController(Object(App\Controllers\AdminKeuangan))
 7 SYSTEMPATH\CodeIgniter.php(363): CodeIgniter\CodeIgniter->handleRequest(null, Object(Config\Cache), false)
 8 SYSTEMPATH\Boot.php(417): CodeIgniter\CodeIgniter->run()
 9 SYSTEMPATH\Boot.php(68): CodeIgniter\Boot::runCodeIgniter(Object(CodeIgniter\CodeIgniter))
10 FCPATH\index.php(14): CodeIgniter\Boot::bootWeb(Object(Config\Paths))
CRITICAL - 2026-10-02 08:05:44 --> [Caused by] mysqli_sql_exception: Unknown column 'kategori' in 'where clause'
in SYSTEMPATH\Database\MySQLi\Connection.php on line 300.
 1 SYSTEMPATH\Database\MySQLi\Connection.php(300): mysqli->query('SELECT `id`, `sekolah_id`, `tanggal_kuitansi` AS `tanggal`, `keterangan`, `file_pdf`, `created_at`
FROM `dokumen_keuangan`
WHERE `sekolah_id` = 1
AND `kategori` = \'bahan-bangunan\'
ORDER BY `tanggal_kuitansi` DESC, `id` DESC', 0)
 2 SYSTEMPATH\Database\BaseConnection.php(908): CodeIgniter\Database\MySQLi\Connection->execute('SELECT `id`, `sekolah_id`, `tanggal_kuitansi` AS `tanggal`, `keterangan`, `file_pdf`, `created_at`
FROM `dokumen_keuangan`
WHERE `sekolah_id` = 1
AND `kategori` = \'bahan-bangunan\'
ORDER BY `tanggal_kuitansi` DESC, `id` DESC')
 3 SYSTEMPATH\Database\BaseConnection.php(825): CodeIgniter\Database\BaseConnection->simpleQuery('SELECT `id`, `sekolah_id`, `tanggal_kuitansi` AS `tanggal`, `keterangan`, `file_pdf`, `created_at`
FROM `dokumen_keuangan`
WHERE `sekolah_id` = 1
AND `kategori` = \'bahan-bangunan\'
ORDER BY `tanggal_kuitansi` DESC, `id` DESC')
 4 SYSTEMPATH\Database\BaseBuilder.php(1659): CodeIgniter\Database\BaseConnection->query('SELECT `id`, `sekolah_id`, `tanggal_kuitansi` AS `tanggal`, `keterangan`, `file_pdf`, `created_at`
FROM `dokumen_keuangan`
WHERE `sekolah_id` = :sekolah_id:
AND `kategori` = :kategori:
ORDER BY `tanggal_kuitansi` DESC, `id` DESC', [...], false)
 5 APPPATH\Controllers\AdminKeuangan.php(67): CodeIgniter\Database\BaseBuilder->get()
 6 SYSTEMPATH\CodeIgniter.php(974): App\Controllers\AdminKeuangan->index('bahan-bangunan')
 7 SYSTEMPATH\CodeIgniter.php(520): CodeIgniter\CodeIgniter->runController(Object(App\Controllers\AdminKeuangan))
 8 SYSTEMPATH\CodeIgniter.php(363): CodeIgniter\CodeIgniter->handleRequest(null, Object(Config\Cache), false)
 9 SYSTEMPATH\Boot.php(417): CodeIgniter\CodeIgniter->run()
10 SYSTEMPATH\Boot.php(68): CodeIgniter\Boot::runCodeIgniter(Object(CodeIgniter\CodeIgniter))
11 FCPATH\index.php(14): CodeIgniter\Boot::bootWeb(Object(Config\Paths))
DEBUG - 2026-10-02 08:20:41 --> Session: Class initialized using 'CodeIgniter\Session\Handlers\FileHandler' driver.
DEBUG - 2026-10-02 08:26:49 --> Session: Class initialized using 'CodeIgniter\Session\Handlers\FileHandler' driver.
DEBUG - 2026-10-02 08:28:48 --> Session: Class initialized using 'CodeIgniter\Session\Handlers\FileHandler' driver.
DEBUG - 2026-10-02 09:08:59 --> Session: Class initialized using 'CodeIgniter\Session\Handlers\FileHandler' driver.
CRITICAL - 2026-10-02 09:08:59 --> ParseError: syntax error, unexpected token "else"
[Method: GET, Route: admin/keuangan/bahan-bangunan]
in APPPATH\Views\admin\keuangan.php on line 176.
 1 SYSTEMPATH\View\View.php(243): CodeIgniter\View\View->CodeIgniter\View\{closure}()
 2 SYSTEMPATH\Common.php(1268): CodeIgniter\View\View->render('admin/keuangan', [], true)
 3 APPPATH\Controllers\AdminKeuangan.php(147): view('admin/keuangan', [...])
 4 SYSTEMPATH\CodeIgniter.php(974): App\Controllers\AdminKeuangan->index('bahan-bangunan')
 5 SYSTEMPATH\CodeIgniter.php(520): CodeIgniter\CodeIgniter->runController(Object(App\Controllers\AdminKeuangan))
 6 SYSTEMPATH\CodeIgniter.php(363): CodeIgniter\CodeIgniter->handleRequest(null, Object(Config\Cache), false)
 7 SYSTEMPATH\Boot.php(417): CodeIgniter\CodeIgniter->run()
 8 SYSTEMPATH\Boot.php(68): CodeIgniter\Boot::runCodeIgniter(Object(CodeIgniter\CodeIgniter))
 9 FCPATH\index.php(14): CodeIgniter\Boot::bootWeb(Object(Config\Paths))
DEBUG - 2026-10-02 09:09:23 --> Session: Class initialized using 'CodeIgniter\Session\Handlers\FileHandler' driver.
DEBUG - 2026-10-02 09:09:31 --> Session: Class initialized using 'CodeIgniter\Session\Handlers\FileHandler' driver.
DEBUG - 2026-10-02 09:11:28 --> Session: Class initialized using 'CodeIgniter\Session\Handlers\FileHandler' driver.
DEBUG - 2026-10-02 09:15:13 --> Session: Class initialized using 'CodeIgniter\Session\Handlers\FileHandler' driver.
DEBUG - 2026-10-02 09:15:58 --> Session: Class initialized using 'CodeIgniter\Session\Handlers\FileHandler' driver.
DEBUG - 2026-10-02 09:17:54 --> Session: Class initialized using 'CodeIgniter\Session\Handlers\FileHandler' driver.
DEBUG - 2026-10-02 09:18:03 --> Session: Class initialized using 'CodeIgniter\Session\Handlers\FileHandler' driver.
DEBUG - 2026-10-02 09:18:05 --> Session: Class initialized using 'CodeIgniter\Session\Handlers\FileHandler' driver.
DEBUG - 2026-10-02 09:18:08 --> Session: Class initialized using 'CodeIgniter\Session\Handlers\FileHandler' driver.
DEBUG - 2026-10-02 09:18:11 --> Session: Class initialized using 'CodeIgniter\Session\Handlers\FileHandler' driver.
DEBUG - 2026-10-02 09:20:07 --> Session: Class initialized using 'CodeIgniter\Session\Handlers\FileHandler' driver.
DEBUG - 2026-10-02 09:22:46 --> Session: Class initialized using 'CodeIgniter\Session\Handlers\FileHandler' driver.
DEBUG - 2026-10-02 09:22:54 --> Session: Class initialized using 'CodeIgniter\Session\Handlers\FileHandler' driver.
DEBUG - 2026-10-02 09:23:03 --> Session: Class initialized using 'CodeIgniter\Session\Handlers\FileHandler' driver.
DEBUG - 2026-10-02 09:23:06 --> Session: Class initialized using 'CodeIgniter\Session\Handlers\FileHandler' driver.
DEBUG - 2026-10-02 09:23:13 --> Session: Class initialized using 'CodeIgniter\Session\Handlers\FileHandler' driver.
DEBUG - 2026-10-02 09:23:17 --> Session: Class initialized using 'CodeIgniter\Session\Handlers\FileHandler' driver.
DEBUG - 2026-10-02 09:23:22 --> Session: Class initialized using 'CodeIgniter\Session\Handlers\FileHandler' driver.
DEBUG - 2026-10-02 09:45:26 --> Session: Class initialized using 'CodeIgniter\Session\Handlers\FileHandler' driver.
DEBUG - 2026-10-02 09:48:25 --> Session: Class initialized using 'CodeIgniter\Session\Handlers\FileHandler' driver.
DEBUG - 2026-10-02 09:50:14 --> Session: Class initialized using 'CodeIgniter\Session\Handlers\FileHandler' driver.
DEBUG - 2026-10-02 09:50:34 --> Session: Class initialized using 'CodeIgniter\Session\Handlers\FileHandler' driver.
DEBUG - 2026-10-02 09:51:05 --> Session: Class initialized using 'CodeIgniter\Session\Handlers\FileHandler' driver.
DEBUG - 2026-10-02 09:51:08 --> Session: Class initialized using 'CodeIgniter\Session\Handlers\FileHandler' driver.
DEBUG - 2026-10-02 09:54:07 --> Session: Class initialized using 'CodeIgniter\Session\Handlers\FileHandler' driver.
DEBUG - 2026-10-02 09:54:13 --> Session: Class initialized using 'CodeIgniter\Session\Handlers\FileHandler' driver.
DEBUG - 2026-10-02 09:54:31 --> Session: Class initialized using 'CodeIgniter\Session\Handlers\FileHandler' driver.
DEBUG - 2026-10-02 09:54:38 --> Session: Class initialized using 'CodeIgniter\Session\Handlers\FileHandler' driver.
DEBUG - 2026-10-02 09:54:40 --> Session: Class initialized using 'CodeIgniter\Session\Handlers\FileHandler' driver.
DEBUG - 2026-10-02 09:54:53 --> Session: Class initialized using 'CodeIgniter\Session\Handlers\FileHandler' driver.
DEBUG - 2026-10-02 09:54:55 --> Session: Class initialized using 'CodeIgniter\Session\Handlers\FileHandler' driver.
DEBUG - 2026-10-02 09:54:58 --> Session: Class initialized using 'CodeIgniter\Session\Handlers\FileHandler' driver.
DEBUG - 2026-10-02 09:57:50 --> Session: Class initialized using 'CodeIgniter\Session\Handlers\FileHandler' driver.
CRITICAL - 2026-10-02 09:57:50 --> ParseError: syntax error, unexpected token "else", expecting end of file
[Method: GET, Route: admin/keuangan/buku-kas-umum]
in APPPATH\Views\admin\keuangan.php on line 146.
 1 SYSTEMPATH\View\View.php(243): CodeIgniter\View\View->CodeIgniter\View\{closure}()
 2 SYSTEMPATH\Common.php(1268): CodeIgniter\View\View->render('admin/keuangan', [], true)
 3 APPPATH\Controllers\AdminKeuangan.php(147): view('admin/keuangan', [...])
 4 SYSTEMPATH\CodeIgniter.php(974): App\Controllers\AdminKeuangan->index('buku-kas-umum')
 5 SYSTEMPATH\CodeIgniter.php(520): CodeIgniter\CodeIgniter->runController(Object(App\Controllers\AdminKeuangan))
 6 SYSTEMPATH\CodeIgniter.php(363): CodeIgniter\CodeIgniter->handleRequest(null, Object(Config\Cache), false)
 7 SYSTEMPATH\Boot.php(417): CodeIgniter\CodeIgniter->run()
 8 SYSTEMPATH\Boot.php(68): CodeIgniter\Boot::runCodeIgniter(Object(CodeIgniter\CodeIgniter))
 9 FCPATH\index.php(14): CodeIgniter\Boot::bootWeb(Object(Config\Paths))
DEBUG - 2026-10-02 09:58:35 --> Session: Class initialized using 'CodeIgniter\Session\Handlers\FileHandler' driver.
DEBUG - 2026-10-02 09:58:38 --> Session: Class initialized using 'CodeIgniter\Session\Handlers\FileHandler' driver.
DEBUG - 2026-10-02 09:58:40 --> Session: Class initialized using 'CodeIgniter\Session\Handlers\FileHandler' driver.
DEBUG - 2026-10-02 09:58:42 --> Session: Class initialized using 'CodeIgniter\Session\Handlers\FileHandler' driver.
DEBUG - 2026-10-02 09:58:44 --> Session: Class initialized using 'CodeIgniter\Session\Handlers\FileHandler' driver.
DEBUG - 2026-10-02 10:00:19 --> Session: Class initialized using 'CodeIgniter\Session\Handlers\FileHandler' driver.
DEBUG - 2026-10-02 10:00:19 --> Session: Class initialized using 'CodeIgniter\Session\Handlers\FileHandler' driver.
DEBUG - 2026-10-02 10:06:28 --> Session: Class initialized using 'CodeIgniter\Session\Handlers\FileHandler' driver.
DEBUG - 2026-10-02 10:06:40 --> Session: Class initialized using 'CodeIgniter\Session\Handlers\FileHandler' driver.
DEBUG - 2026-10-02 10:06:40 --> Session: Class initialized using 'CodeIgniter\Session\Handlers\FileHandler' driver.
DEBUG - 2026-10-02 10:14:38 --> Session: Class initialized using 'CodeIgniter\Session\Handlers\FileHandler' driver.
DEBUG - 2026-10-02 10:14:42 --> Session: Class initialized using 'CodeIgniter\Session\Handlers\FileHandler' driver.
DEBUG - 2026-10-02 10:14:54 --> Session: Class initialized using 'CodeIgniter\Session\Handlers\FileHandler' driver.
DEBUG - 2026-10-02 10:14:55 --> Session: Class initialized using 'CodeIgniter\Session\Handlers\FileHandler' driver.
DEBUG - 2026-10-02 10:15:00 --> Session: Class initialized using 'CodeIgniter\Session\Handlers\FileHandler' driver.
DEBUG - 2026-10-02 10:15:07 --> Session: Class initialized using 'CodeIgniter\Session\Handlers\FileHandler' driver.
DEBUG - 2026-10-02 10:15:09 --> Session: Class initialized using 'CodeIgniter\Session\Handlers\FileHandler' driver.
DEBUG - 2026-10-02 10:15:09 --> Session: Class initialized using 'CodeIgniter\Session\Handlers\FileHandler' driver.
DEBUG - 2026-10-02 10:15:21 --> Session: Class initialized using 'CodeIgniter\Session\Handlers\FileHandler' driver.
DEBUG - 2026-10-02 10:15:22 --> Session: Class initialized using 'CodeIgniter\Session\Handlers\FileHandler' driver.
DEBUG - 2026-10-02 10:15:26 --> Session: Class initialized using 'CodeIgniter\Session\Handlers\FileHandler' driver.
DEBUG - 2026-10-02 10:15:40 --> Session: Class initialized using 'CodeIgniter\Session\Handlers\FileHandler' driver.
DEBUG - 2026-10-02 10:15:40 --> Session: Class initialized using 'CodeIgniter\Session\Handlers\FileHandler' driver.
DEBUG - 2026-10-02 10:16:04 --> Session: Class initialized using 'CodeIgniter\Session\Handlers\FileHandler' driver.
DEBUG - 2026-10-02 10:16:08 --> Session: Class initialized using 'CodeIgniter\Session\Handlers\FileHandler' driver.
DEBUG - 2026-10-02 10:16:12 --> Session: Class initialized using 'CodeIgniter\Session\Handlers\FileHandler' driver.
DEBUG - 2026-10-02 10:16:26 --> Session: Class initialized using 'CodeIgniter\Session\Handlers\FileHandler' driver.
DEBUG - 2026-10-02 10:16:50 --> Session: Class initialized using 'CodeIgniter\Session\Handlers\FileHandler' driver.
DEBUG - 2026-10-02 10:16:50 --> Session: Class initialized using 'CodeIgniter\Session\Handlers\FileHandler' driver.
DEBUG - 2026-10-02 10:16:57 --> Session: Class initialized using 'CodeIgniter\Session\Handlers\FileHandler' driver.
DEBUG - 2026-10-02 10:16:57 --> Session: Class initialized using 'CodeIgniter\Session\Handlers\FileHandler' driver.
DEBUG - 2026-10-02 10:17:01 --> Session: Class initialized using 'CodeIgniter\Session\Handlers\FileHandler' driver.
DEBUG - 2026-10-02 10:17:14 --> Session: Class initialized using 'CodeIgniter\Session\Handlers\FileHandler' driver.
DEBUG - 2026-10-02 10:17:14 --> Session: Class initialized using 'CodeIgniter\Session\Handlers\FileHandler' driver.
DEBUG - 2026-10-02 10:17:21 --> Session: Class initialized using 'CodeIgniter\Session\Handlers\FileHandler' driver.
DEBUG - 2026-10-02 10:22:01 --> Session: Class initialized using 'CodeIgniter\Session\Handlers\FileHandler' driver.
DEBUG - 2026-10-02 10:22:04 --> Session: Class initialized using 'CodeIgniter\Session\Handlers\FileHandler' driver.
ERROR - 2026-10-02 10:22:04 --> Unknown column 'kategori' in 'field list'
in SYSTEMPATH\Database\MySQLi\Connection.php on line 300.
 1 SYSTEMPATH\Database\MySQLi\Connection.php(300): mysqli->query('INSERT INTO `dokumen_keuangan` (`sekolah_id`, `kategori`, `tanggal_kuitansi`, `keterangan`, `file_pdf`) VALUES (1, \'bahan-bangunan\', \'2026-09-01\', \'PSJ Bahan Bangunan Pesanan ke-3\', \'uploads/keuangan/fdabb80fd4d6478b9b77bdb1e22ba868.pdf\')', 0)
 2 SYSTEMPATH\Database\BaseConnection.php(908): CodeIgniter\Database\MySQLi\Connection->execute('INSERT INTO `dokumen_keuangan` (`sekolah_id`, `kategori`, `tanggal_kuitansi`, `keterangan`, `file_pdf`) VALUES (1, \'bahan-bangunan\', \'2026-09-01\', \'PSJ Bahan Bangunan Pesanan ke-3\', \'uploads/keuangan/fdabb80fd4d6478b9b77bdb1e22ba868.pdf\')')
 3 SYSTEMPATH\Database\BaseConnection.php(825): CodeIgniter\Database\BaseConnection->simpleQuery('INSERT INTO `dokumen_keuangan` (`sekolah_id`, `kategori`, `tanggal_kuitansi`, `keterangan`, `file_pdf`) VALUES (1, \'bahan-bangunan\', \'2026-09-01\', \'PSJ Bahan Bangunan Pesanan ke-3\', \'uploads/keuangan/fdabb80fd4d6478b9b77bdb1e22ba868.pdf\')')
 4 SYSTEMPATH\Database\BaseBuilder.php(2355): CodeIgniter\Database\BaseConnection->query('INSERT INTO `dokumen_keuangan` (`sekolah_id`, `kategori`, `tanggal_kuitansi`, `keterangan`, `file_pdf`) VALUES (:sekolah_id:, :kategori:, :tanggal_kuitansi:, :keterangan:, :file_pdf:)', [...], false)
 5 APPPATH\Controllers\AdminKeuangan.php(411): CodeIgniter\Database\BaseBuilder->insert([...])
 6 SYSTEMPATH\CodeIgniter.php(974): App\Controllers\AdminKeuangan->uploadDocument('bahan-bangunan')
 7 SYSTEMPATH\CodeIgniter.php(520): CodeIgniter\CodeIgniter->runController(Object(App\Controllers\AdminKeuangan))
 8 SYSTEMPATH\CodeIgniter.php(363): CodeIgniter\CodeIgniter->handleRequest(null, Object(Config\Cache), false)
 9 SYSTEMPATH\Boot.php(417): CodeIgniter\CodeIgniter->run()
10 SYSTEMPATH\Boot.php(68): CodeIgniter\Boot::runCodeIgniter(Object(CodeIgniter\CodeIgniter))
11 FCPATH\index.php(14): CodeIgniter\Boot::bootWeb(Object(Config\Paths))
CRITICAL - 2026-10-02 10:22:04 --> CodeIgniter\Database\Exceptions\DatabaseException: Unknown column 'kategori' in 'field list'
[Method: POST, Route: admin/keuangan/bahan-bangunan/upload]
in SYSTEMPATH\Database\BaseConnection.php on line 863.
 1 SYSTEMPATH\Database\BaseBuilder.php(2355): CodeIgniter\Database\BaseConnection->query('INSERT INTO `dokumen_keuangan` (`sekolah_id`, `kategori`, `tanggal_kuitansi`, `keterangan`, `file_pdf`) VALUES (:sekolah_id:, :kategori:, :tanggal_kuitansi:, :keterangan:, :file_pdf:)', [...], false)
 2 APPPATH\Controllers\AdminKeuangan.php(411): CodeIgniter\Database\BaseBuilder->insert([...])
 3 SYSTEMPATH\CodeIgniter.php(974): App\Controllers\AdminKeuangan->uploadDocument('bahan-bangunan')
 4 SYSTEMPATH\CodeIgniter.php(520): CodeIgniter\CodeIgniter->runController(Object(App\Controllers\AdminKeuangan))
 5 SYSTEMPATH\CodeIgniter.php(363): CodeIgniter\CodeIgniter->handleRequest(null, Object(Config\Cache), false)
 6 SYSTEMPATH\Boot.php(417): CodeIgniter\CodeIgniter->run()
 7 SYSTEMPATH\Boot.php(68): CodeIgniter\Boot::runCodeIgniter(Object(CodeIgniter\CodeIgniter))
 8 FCPATH\index.php(14): CodeIgniter\Boot::bootWeb(Object(Config\Paths))
CRITICAL - 2026-10-02 10:22:04 --> [Caused by] CodeIgniter\Database\Exceptions\DatabaseException: Unknown column 'kategori' in 'field list'
in SYSTEMPATH\Database\MySQLi\Connection.php on line 310.
 1 SYSTEMPATH\Database\BaseConnection.php(908): CodeIgniter\Database\MySQLi\Connection->execute('INSERT INTO `dokumen_keuangan` (`sekolah_id`, `kategori`, `tanggal_kuitansi`, `keterangan`, `file_pdf`) VALUES (1, \'bahan-bangunan\', \'2026-09-01\', \'PSJ Bahan Bangunan Pesanan ke-3\', \'uploads/keuangan/fdabb80fd4d6478b9b77bdb1e22ba868.pdf\')')
 2 SYSTEMPATH\Database\BaseConnection.php(825): CodeIgniter\Database\BaseConnection->simpleQuery('INSERT INTO `dokumen_keuangan` (`sekolah_id`, `kategori`, `tanggal_kuitansi`, `keterangan`, `file_pdf`) VALUES (1, \'bahan-bangunan\', \'2026-09-01\', \'PSJ Bahan Bangunan Pesanan ke-3\', \'uploads/keuangan/fdabb80fd4d6478b9b77bdb1e22ba868.pdf\')')
 3 SYSTEMPATH\Database\BaseBuilder.php(2355): CodeIgniter\Database\BaseConnection->query('INSERT INTO `dokumen_keuangan` (`sekolah_id`, `kategori`, `tanggal_kuitansi`, `keterangan`, `file_pdf`) VALUES (:sekolah_id:, :kategori:, :tanggal_kuitansi:, :keterangan:, :file_pdf:)', [...], false)
 4 APPPATH\Controllers\AdminKeuangan.php(411): CodeIgniter\Database\BaseBuilder->insert([...])
 5 SYSTEMPATH\CodeIgniter.php(974): App\Controllers\AdminKeuangan->uploadDocument('bahan-bangunan')
 6 SYSTEMPATH\CodeIgniter.php(520): CodeIgniter\CodeIgniter->runController(Object(App\Controllers\AdminKeuangan))
 7 SYSTEMPATH\CodeIgniter.php(363): CodeIgniter\CodeIgniter->handleRequest(null, Object(Config\Cache), false)
 8 SYSTEMPATH\Boot.php(417): CodeIgniter\CodeIgniter->run()
 9 SYSTEMPATH\Boot.php(68): CodeIgniter\Boot::runCodeIgniter(Object(CodeIgniter\CodeIgniter))
10 FCPATH\index.php(14): CodeIgniter\Boot::bootWeb(Object(Config\Paths))
CRITICAL - 2026-10-02 10:22:04 --> [Caused by] mysqli_sql_exception: Unknown column 'kategori' in 'field list'
in SYSTEMPATH\Database\MySQLi\Connection.php on line 300.
 1 SYSTEMPATH\Database\MySQLi\Connection.php(300): mysqli->query('INSERT INTO `dokumen_keuangan` (`sekolah_id`, `kategori`, `tanggal_kuitansi`, `keterangan`, `file_pdf`) VALUES (1, \'bahan-bangunan\', \'2026-09-01\', \'PSJ Bahan Bangunan Pesanan ke-3\', \'uploads/keuangan/fdabb80fd4d6478b9b77bdb1e22ba868.pdf\')', 0)
 2 SYSTEMPATH\Database\BaseConnection.php(908): CodeIgniter\Database\MySQLi\Connection->execute('INSERT INTO `dokumen_keuangan` (`sekolah_id`, `kategori`, `tanggal_kuitansi`, `keterangan`, `file_pdf`) VALUES (1, \'bahan-bangunan\', \'2026-09-01\', \'PSJ Bahan Bangunan Pesanan ke-3\', \'uploads/keuangan/fdabb80fd4d6478b9b77bdb1e22ba868.pdf\')')
 3 SYSTEMPATH\Database\BaseConnection.php(825): CodeIgniter\Database\BaseConnection->simpleQuery('INSERT INTO `dokumen_keuangan` (`sekolah_id`, `kategori`, `tanggal_kuitansi`, `keterangan`, `file_pdf`) VALUES (1, \'bahan-bangunan\', \'2026-09-01\', \'PSJ Bahan Bangunan Pesanan ke-3\', \'uploads/keuangan/fdabb80fd4d6478b9b77bdb1e22ba868.pdf\')')
 4 SYSTEMPATH\Database\BaseBuilder.php(2355): CodeIgniter\Database\BaseConnection->query('INSERT INTO `dokumen_keuangan` (`sekolah_id`, `kategori`, `tanggal_kuitansi`, `keterangan`, `file_pdf`) VALUES (:sekolah_id:, :kategori:, :tanggal_kuitansi:, :keterangan:, :file_pdf:)', [...], false)
 5 APPPATH\Controllers\AdminKeuangan.php(411): CodeIgniter\Database\BaseBuilder->insert([...])
 6 SYSTEMPATH\CodeIgniter.php(974): App\Controllers\AdminKeuangan->uploadDocument('bahan-bangunan')
 7 SYSTEMPATH\CodeIgniter.php(520): CodeIgniter\CodeIgniter->runController(Object(App\Controllers\AdminKeuangan))
 8 SYSTEMPATH\CodeIgniter.php(363): CodeIgniter\CodeIgniter->handleRequest(null, Object(Config\Cache), false)
 9 SYSTEMPATH\Boot.php(417): CodeIgniter\CodeIgniter->run()
10 SYSTEMPATH\Boot.php(68): CodeIgniter\Boot::runCodeIgniter(Object(CodeIgniter\CodeIgniter))
11 FCPATH\index.php(14): CodeIgniter\Boot::bootWeb(Object(Config\Paths))
DEBUG - 2026-10-02 10:27:24 --> Session: Class initialized using 'CodeIgniter\Session\Handlers\FileHandler' driver.
DEBUG - 2026-10-02 10:27:27 --> Session: Class initialized using 'CodeIgniter\Session\Handlers\FileHandler' driver.
DEBUG - 2026-10-02 10:27:27 --> Session: Class initialized using 'CodeIgniter\Session\Handlers\FileHandler' driver.
CRITICAL - 2026-10-02 10:27:27 --> ErrorException: Undefined variable $loop
[Method: GET, Route: admin/keuangan/bahan-bangunan]
in APPPATH\Views\admin\keuangan.php on line 231.
 1 APPPATH\Views\admin\keuangan.php(231): CodeIgniter\Debug\Exceptions->errorHandler(2, 'Undefined variable $loop', 'C:\\xampp\\htdocs\\revit-smp\\app\\Views\\admin\\keuangan.php', 231)
 2 SYSTEMPATH\View\View.php(240): include('C:\\xampp\\htdocs\\revit-smp\\app\\Views\\admin\\keuangan.php')
 3 SYSTEMPATH\View\View.php(243): CodeIgniter\View\View->CodeIgniter\View\{closure}()
 4 SYSTEMPATH\Common.php(1268): CodeIgniter\View\View->render('admin/keuangan', [], true)
 5 APPPATH\Controllers\AdminKeuangan.php(147): view('admin/keuangan', [...])
 6 SYSTEMPATH\CodeIgniter.php(974): App\Controllers\AdminKeuangan->index('bahan-bangunan')
 7 SYSTEMPATH\CodeIgniter.php(520): CodeIgniter\CodeIgniter->runController(Object(App\Controllers\AdminKeuangan))
 8 SYSTEMPATH\CodeIgniter.php(363): CodeIgniter\CodeIgniter->handleRequest(null, Object(Config\Cache), false)
 9 SYSTEMPATH\Boot.php(417): CodeIgniter\CodeIgniter->run()
10 SYSTEMPATH\Boot.php(68): CodeIgniter\Boot::runCodeIgniter(Object(CodeIgniter\CodeIgniter))
11 FCPATH\index.php(14): CodeIgniter\Boot::bootWeb(Object(Config\Paths))
DEBUG - 2026-10-02 10:30:53 --> Session: Class initialized using 'CodeIgniter\Session\Handlers\FileHandler' driver.
CRITICAL - 2026-10-02 10:30:53 --> ErrorException: Undefined variable $index
[Method: GET, Route: admin/keuangan/bahan-bangunan]
in APPPATH\Views\admin\keuangan.php on line 231.
 1 APPPATH\Views\admin\keuangan.php(231): CodeIgniter\Debug\Exceptions->errorHandler(2, 'Undefined variable $index', 'C:\\xampp\\htdocs\\revit-smp\\app\\Views\\admin\\keuangan.php', 231)
 2 SYSTEMPATH\View\View.php(240): include('C:\\xampp\\htdocs\\revit-smp\\app\\Views\\admin\\keuangan.php')
 3 SYSTEMPATH\View\View.php(243): CodeIgniter\View\View->CodeIgniter\View\{closure}()
 4 SYSTEMPATH\Common.php(1268): CodeIgniter\View\View->render('admin/keuangan', [], true)
 5 APPPATH\Controllers\AdminKeuangan.php(147): view('admin/keuangan', [...])
 6 SYSTEMPATH\CodeIgniter.php(974): App\Controllers\AdminKeuangan->index('bahan-bangunan')
 7 SYSTEMPATH\CodeIgniter.php(520): CodeIgniter\CodeIgniter->runController(Object(App\Controllers\AdminKeuangan))
 8 SYSTEMPATH\CodeIgniter.php(363): CodeIgniter\CodeIgniter->handleRequest(null, Object(Config\Cache), false)
 9 SYSTEMPATH\Boot.php(417): CodeIgniter\CodeIgniter->run()
10 SYSTEMPATH\Boot.php(68): CodeIgniter\Boot::runCodeIgniter(Object(CodeIgniter\CodeIgniter))
11 FCPATH\index.php(14): CodeIgniter\Boot::bootWeb(Object(Config\Paths))
DEBUG - 2026-10-02 10:31:03 --> Session: Class initialized using 'CodeIgniter\Session\Handlers\FileHandler' driver.
CRITICAL - 2026-10-02 10:31:03 --> ErrorException: Undefined variable $index
[Method: GET, Route: admin/keuangan/bahan-bangunan]
in APPPATH\Views\admin\keuangan.php on line 231.
 1 APPPATH\Views\admin\keuangan.php(231): CodeIgniter\Debug\Exceptions->errorHandler(2, 'Undefined variable $index', 'C:\\xampp\\htdocs\\revit-smp\\app\\Views\\admin\\keuangan.php', 231)
 2 SYSTEMPATH\View\View.php(240): include('C:\\xampp\\htdocs\\revit-smp\\app\\Views\\admin\\keuangan.php')
 3 SYSTEMPATH\View\View.php(243): CodeIgniter\View\View->CodeIgniter\View\{closure}()
 4 SYSTEMPATH\Common.php(1268): CodeIgniter\View\View->render('admin/keuangan', [], true)
 5 APPPATH\Controllers\AdminKeuangan.php(147): view('admin/keuangan', [...])
 6 SYSTEMPATH\CodeIgniter.php(974): App\Controllers\AdminKeuangan->index('bahan-bangunan')
 7 SYSTEMPATH\CodeIgniter.php(520): CodeIgniter\CodeIgniter->runController(Object(App\Controllers\AdminKeuangan))
 8 SYSTEMPATH\CodeIgniter.php(363): CodeIgniter\CodeIgniter->handleRequest(null, Object(Config\Cache), false)
 9 SYSTEMPATH\Boot.php(417): CodeIgniter\CodeIgniter->run()
10 SYSTEMPATH\Boot.php(68): CodeIgniter\Boot::runCodeIgniter(Object(CodeIgniter\CodeIgniter))
11 FCPATH\index.php(14): CodeIgniter\Boot::bootWeb(Object(Config\Paths))
DEBUG - 2026-10-02 10:31:18 --> Session: Class initialized using 'CodeIgniter\Session\Handlers\FileHandler' driver.
DEBUG - 2026-10-02 10:31:18 --> Session: Class initialized using 'CodeIgniter\Session\Handlers\FileHandler' driver.
DEBUG - 2026-10-02 10:31:18 --> Session: Class initialized using 'CodeIgniter\Session\Handlers\FileHandler' driver.
DEBUG - 2026-10-02 10:31:22 --> Session: Class initialized using 'CodeIgniter\Session\Handlers\FileHandler' driver.
DEBUG - 2026-10-02 10:31:27 --> Session: Class initialized using 'CodeIgniter\Session\Handlers\FileHandler' driver.
DEBUG - 2026-10-02 10:31:28 --> Session: Class initialized using 'CodeIgniter\Session\Handlers\FileHandler' driver.
DEBUG - 2026-10-02 10:31:30 --> Session: Class initialized using 'CodeIgniter\Session\Handlers\FileHandler' driver.
CRITICAL - 2026-10-02 10:31:30 --> ErrorException: Undefined variable $index
[Method: GET, Route: admin/keuangan/bahan-bangunan]
in APPPATH\Views\admin\keuangan.php on line 231.
 1 APPPATH\Views\admin\keuangan.php(231): CodeIgniter\Debug\Exceptions->errorHandler(2, 'Undefined variable $index', 'C:\\xampp\\htdocs\\revit-smp\\app\\Views\\admin\\keuangan.php', 231)
 2 SYSTEMPATH\View\View.php(240): include('C:\\xampp\\htdocs\\revit-smp\\app\\Views\\admin\\keuangan.php')
 3 SYSTEMPATH\View\View.php(243): CodeIgniter\View\View->CodeIgniter\View\{closure}()
 4 SYSTEMPATH\Common.php(1268): CodeIgniter\View\View->render('admin/keuangan', [], true)
 5 APPPATH\Controllers\AdminKeuangan.php(147): view('admin/keuangan', [...])
 6 SYSTEMPATH\CodeIgniter.php(974): App\Controllers\AdminKeuangan->index('bahan-bangunan')
 7 SYSTEMPATH\CodeIgniter.php(520): CodeIgniter\CodeIgniter->runController(Object(App\Controllers\AdminKeuangan))
 8 SYSTEMPATH\CodeIgniter.php(363): CodeIgniter\CodeIgniter->handleRequest(null, Object(Config\Cache), false)
 9 SYSTEMPATH\Boot.php(417): CodeIgniter\CodeIgniter->run()
10 SYSTEMPATH\Boot.php(68): CodeIgniter\Boot::runCodeIgniter(Object(CodeIgniter\CodeIgniter))
11 FCPATH\index.php(14): CodeIgniter\Boot::bootWeb(Object(Config\Paths))
DEBUG - 2026-10-02 10:32:20 --> Session: Class initialized using 'CodeIgniter\Session\Handlers\FileHandler' driver.
CRITICAL - 2026-10-02 10:32:20 --> ErrorException: Undefined variable $index
[Method: GET, Route: admin/keuangan/bahan-bangunan]
in APPPATH\Views\admin\keuangan.php on line 231.
 1 APPPATH\Views\admin\keuangan.php(231): CodeIgniter\Debug\Exceptions->errorHandler(2, 'Undefined variable $index', 'C:\\xampp\\htdocs\\revit-smp\\app\\Views\\admin\\keuangan.php', 231)
 2 SYSTEMPATH\View\View.php(240): include('C:\\xampp\\htdocs\\revit-smp\\app\\Views\\admin\\keuangan.php')
 3 SYSTEMPATH\View\View.php(243): CodeIgniter\View\View->CodeIgniter\View\{closure}()
 4 SYSTEMPATH\Common.php(1268): CodeIgniter\View\View->render('admin/keuangan', [], true)
 5 APPPATH\Controllers\AdminKeuangan.php(147): view('admin/keuangan', [...])
 6 SYSTEMPATH\CodeIgniter.php(974): App\Controllers\AdminKeuangan->index('bahan-bangunan')
 7 SYSTEMPATH\CodeIgniter.php(520): CodeIgniter\CodeIgniter->runController(Object(App\Controllers\AdminKeuangan))
 8 SYSTEMPATH\CodeIgniter.php(363): CodeIgniter\CodeIgniter->handleRequest(null, Object(Config\Cache), false)
 9 SYSTEMPATH\Boot.php(417): CodeIgniter\CodeIgniter->run()
10 SYSTEMPATH\Boot.php(68): CodeIgniter\Boot::runCodeIgniter(Object(CodeIgniter\CodeIgniter))
11 FCPATH\index.php(14): CodeIgniter\Boot::bootWeb(Object(Config\Paths))
DEBUG - 2026-10-02 10:33:43 --> Session: Class initialized using 'CodeIgniter\Session\Handlers\FileHandler' driver.
CRITICAL - 2026-10-02 10:33:43 --> ErrorException: Undefined variable $index
[Method: GET, Route: admin/keuangan/bahan-bangunan]
in APPPATH\Views\admin\keuangan.php on line 231.
 1 APPPATH\Views\admin\keuangan.php(231): CodeIgniter\Debug\Exceptions->errorHandler(2, 'Undefined variable $index', 'C:\\xampp\\htdocs\\revit-smp\\app\\Views\\admin\\keuangan.php', 231)
 2 SYSTEMPATH\View\View.php(240): include('C:\\xampp\\htdocs\\revit-smp\\app\\Views\\admin\\keuangan.php')
 3 SYSTEMPATH\View\View.php(243): CodeIgniter\View\View->CodeIgniter\View\{closure}()
 4 SYSTEMPATH\Common.php(1268): CodeIgniter\View\View->render('admin/keuangan', [], true)
 5 APPPATH\Controllers\AdminKeuangan.php(147): view('admin/keuangan', [...])
 6 SYSTEMPATH\CodeIgniter.php(974): App\Controllers\AdminKeuangan->index('bahan-bangunan')
 7 SYSTEMPATH\CodeIgniter.php(520): CodeIgniter\CodeIgniter->runController(Object(App\Controllers\AdminKeuangan))
 8 SYSTEMPATH\CodeIgniter.php(363): CodeIgniter\CodeIgniter->handleRequest(null, Object(Config\Cache), false)
 9 SYSTEMPATH\Boot.php(417): CodeIgniter\CodeIgniter->run()
10 SYSTEMPATH\Boot.php(68): CodeIgniter\Boot::runCodeIgniter(Object(CodeIgniter\CodeIgniter))
11 FCPATH\index.php(14): CodeIgniter\Boot::bootWeb(Object(Config\Paths))
DEBUG - 2026-10-02 10:34:06 --> Session: Class initialized using 'CodeIgniter\Session\Handlers\FileHandler' driver.
CRITICAL - 2026-10-02 10:34:06 --> ErrorException: Undefined variable $index
[Method: GET, Route: admin/keuangan/bahan-bangunan]
in APPPATH\Views\admin\keuangan.php on line 231.
 1 APPPATH\Views\admin\keuangan.php(231): CodeIgniter\Debug\Exceptions->errorHandler(2, 'Undefined variable $index', 'C:\\xampp\\htdocs\\revit-smp\\app\\Views\\admin\\keuangan.php', 231)
 2 SYSTEMPATH\View\View.php(240): include('C:\\xampp\\htdocs\\revit-smp\\app\\Views\\admin\\keuangan.php')
 3 SYSTEMPATH\View\View.php(243): CodeIgniter\View\View->CodeIgniter\View\{closure}()
 4 SYSTEMPATH\Common.php(1268): CodeIgniter\View\View->render('admin/keuangan', [], true)
 5 APPPATH\Controllers\AdminKeuangan.php(147): view('admin/keuangan', [...])
 6 SYSTEMPATH\CodeIgniter.php(974): App\Controllers\AdminKeuangan->index('bahan-bangunan')
 7 SYSTEMPATH\CodeIgniter.php(520): CodeIgniter\CodeIgniter->runController(Object(App\Controllers\AdminKeuangan))
 8 SYSTEMPATH\CodeIgniter.php(363): CodeIgniter\CodeIgniter->handleRequest(null, Object(Config\Cache), false)
 9 SYSTEMPATH\Boot.php(417): CodeIgniter\CodeIgniter->run()
10 SYSTEMPATH\Boot.php(68): CodeIgniter\Boot::runCodeIgniter(Object(CodeIgniter\CodeIgniter))
11 FCPATH\index.php(14): CodeIgniter\Boot::bootWeb(Object(Config\Paths))
DEBUG - 2026-10-02 10:34:10 --> Session: Class initialized using 'CodeIgniter\Session\Handlers\FileHandler' driver.
CRITICAL - 2026-10-02 10:34:10 --> ErrorException: Undefined variable $index
[Method: GET, Route: admin/keuangan/bahan-bangunan]
in APPPATH\Views\admin\keuangan.php on line 231.
 1 APPPATH\Views\admin\keuangan.php(231): CodeIgniter\Debug\Exceptions->errorHandler(2, 'Undefined variable $index', 'C:\\xampp\\htdocs\\revit-smp\\app\\Views\\admin\\keuangan.php', 231)
 2 SYSTEMPATH\View\View.php(240): include('C:\\xampp\\htdocs\\revit-smp\\app\\Views\\admin\\keuangan.php')
 3 SYSTEMPATH\View\View.php(243): CodeIgniter\View\View->CodeIgniter\View\{closure}()
 4 SYSTEMPATH\Common.php(1268): CodeIgniter\View\View->render('admin/keuangan', [], true)
 5 APPPATH\Controllers\AdminKeuangan.php(147): view('admin/keuangan', [...])
 6 SYSTEMPATH\CodeIgniter.php(974): App\Controllers\AdminKeuangan->index('bahan-bangunan')
 7 SYSTEMPATH\CodeIgniter.php(520): CodeIgniter\CodeIgniter->runController(Object(App\Controllers\AdminKeuangan))
 8 SYSTEMPATH\CodeIgniter.php(363): CodeIgniter\CodeIgniter->handleRequest(null, Object(Config\Cache), false)
 9 SYSTEMPATH\Boot.php(417): CodeIgniter\CodeIgniter->run()
10 SYSTEMPATH\Boot.php(68): CodeIgniter\Boot::runCodeIgniter(Object(CodeIgniter\CodeIgniter))
11 FCPATH\index.php(14): CodeIgniter\Boot::bootWeb(Object(Config\Paths))
DEBUG - 2026-10-02 10:37:00 --> Session: Class initialized using 'CodeIgniter\Session\Handlers\FileHandler' driver.
DEBUG - 2026-10-02 10:38:50 --> Session: Class initialized using 'CodeIgniter\Session\Handlers\FileHandler' driver.
DEBUG - 2026-10-02 10:38:56 --> Session: Class initialized using 'CodeIgniter\Session\Handlers\FileHandler' driver.
DEBUG - 2026-10-02 10:39:00 --> Session: Class initialized using 'CodeIgniter\Session\Handlers\FileHandler' driver.
CRITICAL - 2026-10-02 10:39:00 --> ErrorException: Undefined array key "pekerjaan"
[Method: GET, Route: admin/keuangan/ongkos-tukang]
in APPPATH\Views\admin\keuangan.php on line 245.
 1 APPPATH\Views\admin\keuangan.php(245): CodeIgniter\Debug\Exceptions->errorHandler(2, 'Undefined array key "pekerjaan"', 'C:\\xampp\\htdocs\\revit-smp\\app\\Views\\admin\\keuangan.php', 245)
 2 SYSTEMPATH\View\View.php(240): include('C:\\xampp\\htdocs\\revit-smp\\app\\Views\\admin\\keuangan.php')
 3 SYSTEMPATH\View\View.php(243): CodeIgniter\View\View->CodeIgniter\View\{closure}()
 4 SYSTEMPATH\Common.php(1268): CodeIgniter\View\View->render('admin/keuangan', [], true)
 5 APPPATH\Controllers\AdminKeuangan.php(147): view('admin/keuangan', [...])
 6 SYSTEMPATH\CodeIgniter.php(974): App\Controllers\AdminKeuangan->index('ongkos-tukang')
 7 SYSTEMPATH\CodeIgniter.php(520): CodeIgniter\CodeIgniter->runController(Object(App\Controllers\AdminKeuangan))
 8 SYSTEMPATH\CodeIgniter.php(363): CodeIgniter\CodeIgniter->handleRequest(null, Object(Config\Cache), false)
 9 SYSTEMPATH\Boot.php(417): CodeIgniter\CodeIgniter->run()
10 SYSTEMPATH\Boot.php(68): CodeIgniter\Boot::runCodeIgniter(Object(CodeIgniter\CodeIgniter))
11 FCPATH\index.php(14): CodeIgniter\Boot::bootWeb(Object(Config\Paths))
DEBUG - 2026-10-02 10:39:04 --> Session: Class initialized using 'CodeIgniter\Session\Handlers\FileHandler' driver.
DEBUG - 2026-10-02 10:39:08 --> Session: Class initialized using 'CodeIgniter\Session\Handlers\FileHandler' driver.
DEBUG - 2026-10-02 10:39:10 --> Session: Class initialized using 'CodeIgniter\Session\Handlers\FileHandler' driver.
DEBUG - 2026-10-02 10:39:32 --> Session: Class initialized using 'CodeIgniter\Session\Handlers\FileHandler' driver.
DEBUG - 2026-10-02 10:39:37 --> Session: Class initialized using 'CodeIgniter\Session\Handlers\FileHandler' driver.
DEBUG - 2026-10-02 10:47:43 --> Session: Class initialized using 'CodeIgniter\Session\Handlers\FileHandler' driver.
DEBUG - 2026-10-02 10:47:52 --> Session: Class initialized using 'CodeIgniter\Session\Handlers\FileHandler' driver.
DEBUG - 2026-10-02 10:47:55 --> Session: Class initialized using 'CodeIgniter\Session\Handlers\FileHandler' driver.
DEBUG - 2026-10-02 10:47:58 --> Session: Class initialized using 'CodeIgniter\Session\Handlers\FileHandler' driver.
DEBUG - 2026-10-02 10:48:02 --> Session: Class initialized using 'CodeIgniter\Session\Handlers\FileHandler' driver.
DEBUG - 2026-10-02 10:48:27 --> Session: Class initialized using 'CodeIgniter\Session\Handlers\FileHandler' driver.
ERROR - 2026-10-02 10:48:27 --> Unknown column 'kategori' in 'where clause'
in SYSTEMPATH\Database\MySQLi\Connection.php on line 300.
 1 SYSTEMPATH\Database\MySQLi\Connection.php(300): mysqli->query('SELECT *
FROM `dokumen_keuangan`
WHERE `id` = 1
AND `kategori` = \'bahan-bangunan\'', 0)
 2 SYSTEMPATH\Database\BaseConnection.php(908): CodeIgniter\Database\MySQLi\Connection->execute('SELECT *
FROM `dokumen_keuangan`
WHERE `id` = 1
AND `kategori` = \'bahan-bangunan\'')
 3 SYSTEMPATH\Database\BaseConnection.php(825): CodeIgniter\Database\BaseConnection->simpleQuery('SELECT *
FROM `dokumen_keuangan`
WHERE `id` = 1
AND `kategori` = \'bahan-bangunan\'')
 4 SYSTEMPATH\Database\BaseBuilder.php(1659): CodeIgniter\Database\BaseConnection->query('SELECT *
FROM `dokumen_keuangan`
WHERE `id` = :id:
AND `kategori` = :kategori:', [...], false)
 5 APPPATH\Controllers\AdminKeuangan.php(467): CodeIgniter\Database\BaseBuilder->get()
 6 SYSTEMPATH\CodeIgniter.php(974): App\Controllers\AdminKeuangan->deleteDocument('bahan-bangunan', 1)
 7 SYSTEMPATH\CodeIgniter.php(520): CodeIgniter\CodeIgniter->runController(Object(App\Controllers\AdminKeuangan))
 8 SYSTEMPATH\CodeIgniter.php(363): CodeIgniter\CodeIgniter->handleRequest(null, Object(Config\Cache), false)
 9 SYSTEMPATH\Boot.php(417): CodeIgniter\CodeIgniter->run()
10 SYSTEMPATH\Boot.php(68): CodeIgniter\Boot::runCodeIgniter(Object(CodeIgniter\CodeIgniter))
11 FCPATH\index.php(14): CodeIgniter\Boot::bootWeb(Object(Config\Paths))
CRITICAL - 2026-10-02 10:48:27 --> CodeIgniter\Database\Exceptions\DatabaseException: Unknown column 'kategori' in 'where clause'
[Method: POST, Route: admin/keuangan/bahan-bangunan/dokumen/1/hapus]
in SYSTEMPATH\Database\BaseConnection.php on line 863.
 1 SYSTEMPATH\Database\BaseBuilder.php(1659): CodeIgniter\Database\BaseConnection->query('SELECT *
FROM `dokumen_keuangan`
WHERE `id` = :id:
AND `kategori` = :kategori:', [...], false)
 2 APPPATH\Controllers\AdminKeuangan.php(467): CodeIgniter\Database\BaseBuilder->get()
 3 SYSTEMPATH\CodeIgniter.php(974): App\Controllers\AdminKeuangan->deleteDocument('bahan-bangunan', 1)
 4 SYSTEMPATH\CodeIgniter.php(520): CodeIgniter\CodeIgniter->runController(Object(App\Controllers\AdminKeuangan))
 5 SYSTEMPATH\CodeIgniter.php(363): CodeIgniter\CodeIgniter->handleRequest(null, Object(Config\Cache), false)
 6 SYSTEMPATH\Boot.php(417): CodeIgniter\CodeIgniter->run()
 7 SYSTEMPATH\Boot.php(68): CodeIgniter\Boot::runCodeIgniter(Object(CodeIgniter\CodeIgniter))
 8 FCPATH\index.php(14): CodeIgniter\Boot::bootWeb(Object(Config\Paths))
CRITICAL - 2026-10-02 10:48:27 --> [Caused by] CodeIgniter\Database\Exceptions\DatabaseException: Unknown column 'kategori' in 'where clause'
in SYSTEMPATH\Database\MySQLi\Connection.php on line 310.
 1 SYSTEMPATH\Database\BaseConnection.php(908): CodeIgniter\Database\MySQLi\Connection->execute('SELECT *
FROM `dokumen_keuangan`
WHERE `id` = 1
AND `kategori` = \'bahan-bangunan\'')
 2 SYSTEMPATH\Database\BaseConnection.php(825): CodeIgniter\Database\BaseConnection->simpleQuery('SELECT *
FROM `dokumen_keuangan`
WHERE `id` = 1
AND `kategori` = \'bahan-bangunan\'')
 3 SYSTEMPATH\Database\BaseBuilder.php(1659): CodeIgniter\Database\BaseConnection->query('SELECT *
FROM `dokumen_keuangan`
WHERE `id` = :id:
AND `kategori` = :kategori:', [...], false)
 4 APPPATH\Controllers\AdminKeuangan.php(467): CodeIgniter\Database\BaseBuilder->get()
 5 SYSTEMPATH\CodeIgniter.php(974): App\Controllers\AdminKeuangan->deleteDocument('bahan-bangunan', 1)
 6 SYSTEMPATH\CodeIgniter.php(520): CodeIgniter\CodeIgniter->runController(Object(App\Controllers\AdminKeuangan))
 7 SYSTEMPATH\CodeIgniter.php(363): CodeIgniter\CodeIgniter->handleRequest(null, Object(Config\Cache), false)
 8 SYSTEMPATH\Boot.php(417): CodeIgniter\CodeIgniter->run()
 9 SYSTEMPATH\Boot.php(68): CodeIgniter\Boot::runCodeIgniter(Object(CodeIgniter\CodeIgniter))
10 FCPATH\index.php(14): CodeIgniter\Boot::bootWeb(Object(Config\Paths))
CRITICAL - 2026-10-02 10:48:27 --> [Caused by] mysqli_sql_exception: Unknown column 'kategori' in 'where clause'
in SYSTEMPATH\Database\MySQLi\Connection.php on line 300.
 1 SYSTEMPATH\Database\MySQLi\Connection.php(300): mysqli->query('SELECT *
FROM `dokumen_keuangan`
WHERE `id` = 1
AND `kategori` = \'bahan-bangunan\'', 0)
 2 SYSTEMPATH\Database\BaseConnection.php(908): CodeIgniter\Database\MySQLi\Connection->execute('SELECT *
FROM `dokumen_keuangan`
WHERE `id` = 1
AND `kategori` = \'bahan-bangunan\'')
 3 SYSTEMPATH\Database\BaseConnection.php(825): CodeIgniter\Database\BaseConnection->simpleQuery('SELECT *
FROM `dokumen_keuangan`
WHERE `id` = 1
AND `kategori` = \'bahan-bangunan\'')
 4 SYSTEMPATH\Database\BaseBuilder.php(1659): CodeIgniter\Database\BaseConnection->query('SELECT *
FROM `dokumen_keuangan`
WHERE `id` = :id:
AND `kategori` = :kategori:', [...], false)
 5 APPPATH\Controllers\AdminKeuangan.php(467): CodeIgniter\Database\BaseBuilder->get()
 6 SYSTEMPATH\CodeIgniter.php(974): App\Controllers\AdminKeuangan->deleteDocument('bahan-bangunan', 1)
 7 SYSTEMPATH\CodeIgniter.php(520): CodeIgniter\CodeIgniter->runController(Object(App\Controllers\AdminKeuangan))
 8 SYSTEMPATH\CodeIgniter.php(363): CodeIgniter\CodeIgniter->handleRequest(null, Object(Config\Cache), false)
 9 SYSTEMPATH\Boot.php(417): CodeIgniter\CodeIgniter->run()
10 SYSTEMPATH\Boot.php(68): CodeIgniter\Boot::runCodeIgniter(Object(CodeIgniter\CodeIgniter))
11 FCPATH\index.php(14): CodeIgniter\Boot::bootWeb(Object(Config\Paths))
DEBUG - 2026-10-02 10:52:30 --> Session: Class initialized using 'CodeIgniter\Session\Handlers\FileHandler' driver.
DEBUG - 2026-10-02 10:52:35 --> Session: Class initialized using 'CodeIgniter\Session\Handlers\FileHandler' driver.
DEBUG - 2026-10-02 10:52:35 --> Session: Class initialized using 'CodeIgniter\Session\Handlers\FileHandler' driver.
DEBUG - 2026-10-02 10:52:51 --> Session: Class initialized using 'CodeIgniter\Session\Handlers\FileHandler' driver.
DEBUG - 2026-10-02 10:52:58 --> Session: Class initialized using 'CodeIgniter\Session\Handlers\FileHandler' driver.
DEBUG - 2026-10-02 10:53:12 --> Session: Class initialized using 'CodeIgniter\Session\Handlers\FileHandler' driver.
DEBUG - 2026-10-02 10:53:15 --> Session: Class initialized using 'CodeIgniter\Session\Handlers\FileHandler' driver.
DEBUG - 2026-10-02 10:58:41 --> Session: Class initialized using 'CodeIgniter\Session\Handlers\FileHandler' driver.
DEBUG - 2026-10-02 10:58:46 --> Session: Class initialized using 'CodeIgniter\Session\Handlers\FileHandler' driver.
DEBUG - 2026-10-02 10:58:49 --> Session: Class initialized using 'CodeIgniter\Session\Handlers\FileHandler' driver.
DEBUG - 2026-10-02 10:58:51 --> Session: Class initialized using 'CodeIgniter\Session\Handlers\FileHandler' driver.
DEBUG - 2026-10-02 10:58:53 --> Session: Class initialized using 'CodeIgniter\Session\Handlers\FileHandler' driver.
DEBUG - 2026-10-02 10:59:09 --> Session: Class initialized using 'CodeIgniter\Session\Handlers\FileHandler' driver.
DEBUG - 2026-10-02 10:59:10 --> Session: Class initialized using 'CodeIgniter\Session\Handlers\FileHandler' driver.
DEBUG - 2026-10-02 11:02:14 --> Session: Class initialized using 'CodeIgniter\Session\Handlers\FileHandler' driver.
DEBUG - 2026-10-02 11:02:18 --> Session: Class initialized using 'CodeIgniter\Session\Handlers\FileHandler' driver.
ERROR - 2026-10-02 11:02:18 --> Unknown column 'kategori' in 'where clause'
in SYSTEMPATH\Database\MySQLi\Connection.php on line 300.
 1 SYSTEMPATH\Database\MySQLi\Connection.php(300): mysqli->query('SELECT *
FROM `dokumen_keuangan`
WHERE `id` = 2
AND `kategori` = \'bahan-bangunan\'', 0)
 2 SYSTEMPATH\Database\BaseConnection.php(908): CodeIgniter\Database\MySQLi\Connection->execute('SELECT *
FROM `dokumen_keuangan`
WHERE `id` = 2
AND `kategori` = \'bahan-bangunan\'')
 3 SYSTEMPATH\Database\BaseConnection.php(825): CodeIgniter\Database\BaseConnection->simpleQuery('SELECT *
FROM `dokumen_keuangan`
WHERE `id` = 2
AND `kategori` = \'bahan-bangunan\'')
 4 SYSTEMPATH\Database\BaseBuilder.php(1659): CodeIgniter\Database\BaseConnection->query('SELECT *
FROM `dokumen_keuangan`
WHERE `id` = :id:
AND `kategori` = :kategori:', [...], false)
 5 APPPATH\Controllers\AdminKeuangan.php(439): CodeIgniter\Database\BaseBuilder->get()
 6 SYSTEMPATH\CodeIgniter.php(974): App\Controllers\AdminKeuangan->viewDocument('bahan-bangunan', 2)
 7 SYSTEMPATH\CodeIgniter.php(520): CodeIgniter\CodeIgniter->runController(Object(App\Controllers\AdminKeuangan))
 8 SYSTEMPATH\CodeIgniter.php(363): CodeIgniter\CodeIgniter->handleRequest(null, Object(Config\Cache), false)
 9 SYSTEMPATH\Boot.php(417): CodeIgniter\CodeIgniter->run()
10 SYSTEMPATH\Boot.php(68): CodeIgniter\Boot::runCodeIgniter(Object(CodeIgniter\CodeIgniter))
11 FCPATH\index.php(14): CodeIgniter\Boot::bootWeb(Object(Config\Paths))
CRITICAL - 2026-10-02 11:02:18 --> CodeIgniter\Database\Exceptions\DatabaseException: Unknown column 'kategori' in 'where clause'
[Method: GET, Route: admin/keuangan/bahan-bangunan/dokumen/2]
in SYSTEMPATH\Database\BaseConnection.php on line 863.
 1 SYSTEMPATH\Database\BaseBuilder.php(1659): CodeIgniter\Database\BaseConnection->query('SELECT *
FROM `dokumen_keuangan`
WHERE `id` = :id:
AND `kategori` = :kategori:', [...], false)
 2 APPPATH\Controllers\AdminKeuangan.php(439): CodeIgniter\Database\BaseBuilder->get()
 3 SYSTEMPATH\CodeIgniter.php(974): App\Controllers\AdminKeuangan->viewDocument('bahan-bangunan', 2)
 4 SYSTEMPATH\CodeIgniter.php(520): CodeIgniter\CodeIgniter->runController(Object(App\Controllers\AdminKeuangan))
 5 SYSTEMPATH\CodeIgniter.php(363): CodeIgniter\CodeIgniter->handleRequest(null, Object(Config\Cache), false)
 6 SYSTEMPATH\Boot.php(417): CodeIgniter\CodeIgniter->run()
 7 SYSTEMPATH\Boot.php(68): CodeIgniter\Boot::runCodeIgniter(Object(CodeIgniter\CodeIgniter))
 8 FCPATH\index.php(14): CodeIgniter\Boot::bootWeb(Object(Config\Paths))
CRITICAL - 2026-10-02 11:02:18 --> [Caused by] CodeIgniter\Database\Exceptions\DatabaseException: Unknown column 'kategori' in 'where clause'
in SYSTEMPATH\Database\MySQLi\Connection.php on line 310.
 1 SYSTEMPATH\Database\BaseConnection.php(908): CodeIgniter\Database\MySQLi\Connection->execute('SELECT *
FROM `dokumen_keuangan`
WHERE `id` = 2
AND `kategori` = \'bahan-bangunan\'')
 2 SYSTEMPATH\Database\BaseConnection.php(825): CodeIgniter\Database\BaseConnection->simpleQuery('SELECT *
FROM `dokumen_keuangan`
WHERE `id` = 2
AND `kategori` = \'bahan-bangunan\'')
 3 SYSTEMPATH\Database\BaseBuilder.php(1659): CodeIgniter\Database\BaseConnection->query('SELECT *
FROM `dokumen_keuangan`
WHERE `id` = :id:
AND `kategori` = :kategori:', [...], false)
 4 APPPATH\Controllers\AdminKeuangan.php(439): CodeIgniter\Database\BaseBuilder->get()
 5 SYSTEMPATH\CodeIgniter.php(974): App\Controllers\AdminKeuangan->viewDocument('bahan-bangunan', 2)
 6 SYSTEMPATH\CodeIgniter.php(520): CodeIgniter\CodeIgniter->runController(Object(App\Controllers\AdminKeuangan))
 7 SYSTEMPATH\CodeIgniter.php(363): CodeIgniter\CodeIgniter->handleRequest(null, Object(Config\Cache), false)
 8 SYSTEMPATH\Boot.php(417): CodeIgniter\CodeIgniter->run()
 9 SYSTEMPATH\Boot.php(68): CodeIgniter\Boot::runCodeIgniter(Object(CodeIgniter\CodeIgniter))
10 FCPATH\index.php(14): CodeIgniter\Boot::bootWeb(Object(Config\Paths))
CRITICAL - 2026-10-02 11:02:18 --> [Caused by] mysqli_sql_exception: Unknown column 'kategori' in 'where clause'
in SYSTEMPATH\Database\MySQLi\Connection.php on line 300.
 1 SYSTEMPATH\Database\MySQLi\Connection.php(300): mysqli->query('SELECT *
FROM `dokumen_keuangan`
WHERE `id` = 2
AND `kategori` = \'bahan-bangunan\'', 0)
 2 SYSTEMPATH\Database\BaseConnection.php(908): CodeIgniter\Database\MySQLi\Connection->execute('SELECT *
FROM `dokumen_keuangan`
WHERE `id` = 2
AND `kategori` = \'bahan-bangunan\'')
 3 SYSTEMPATH\Database\BaseConnection.php(825): CodeIgniter\Database\BaseConnection->simpleQuery('SELECT *
FROM `dokumen_keuangan`
WHERE `id` = 2
AND `kategori` = \'bahan-bangunan\'')
 4 SYSTEMPATH\Database\BaseBuilder.php(1659): CodeIgniter\Database\BaseConnection->query('SELECT *
FROM `dokumen_keuangan`
WHERE `id` = :id:
AND `kategori` = :kategori:', [...], false)
 5 APPPATH\Controllers\AdminKeuangan.php(439): CodeIgniter\Database\BaseBuilder->get()
 6 SYSTEMPATH\CodeIgniter.php(974): App\Controllers\AdminKeuangan->viewDocument('bahan-bangunan', 2)
 7 SYSTEMPATH\CodeIgniter.php(520): CodeIgniter\CodeIgniter->runController(Object(App\Controllers\AdminKeuangan))
 8 SYSTEMPATH\CodeIgniter.php(363): CodeIgniter\CodeIgniter->handleRequest(null, Object(Config\Cache), false)
 9 SYSTEMPATH\Boot.php(417): CodeIgniter\CodeIgniter->run()
10 SYSTEMPATH\Boot.php(68): CodeIgniter\Boot::runCodeIgniter(Object(CodeIgniter\CodeIgniter))
11 FCPATH\index.php(14): CodeIgniter\Boot::bootWeb(Object(Config\Paths))
DEBUG - 2026-10-02 11:31:13 --> Session: Class initialized using 'CodeIgniter\Session\Handlers\FileHandler' driver.
ERROR - 2026-10-02 11:31:13 --> Unknown column 'kategori' in 'where clause'
in SYSTEMPATH\Database\MySQLi\Connection.php on line 300.
 1 SYSTEMPATH\Database\MySQLi\Connection.php(300): mysqli->query('SELECT *
FROM `dokumen_keuangan`
WHERE `id` = 2
AND `kategori` = \'bahan-bangunan\'', 0)
 2 SYSTEMPATH\Database\BaseConnection.php(908): CodeIgniter\Database\MySQLi\Connection->execute('SELECT *
FROM `dokumen_keuangan`
WHERE `id` = 2
AND `kategori` = \'bahan-bangunan\'')
 3 SYSTEMPATH\Database\BaseConnection.php(825): CodeIgniter\Database\BaseConnection->simpleQuery('SELECT *
FROM `dokumen_keuangan`
WHERE `id` = 2
AND `kategori` = \'bahan-bangunan\'')
 4 SYSTEMPATH\Database\BaseBuilder.php(1659): CodeIgniter\Database\BaseConnection->query('SELECT *
FROM `dokumen_keuangan`
WHERE `id` = :id:
AND `kategori` = :kategori:', [...], false)
 5 APPPATH\Controllers\AdminKeuangan.php(439): CodeIgniter\Database\BaseBuilder->get()
 6 SYSTEMPATH\CodeIgniter.php(974): App\Controllers\AdminKeuangan->viewDocument('bahan-bangunan', 2)
 7 SYSTEMPATH\CodeIgniter.php(520): CodeIgniter\CodeIgniter->runController(Object(App\Controllers\AdminKeuangan))
 8 SYSTEMPATH\CodeIgniter.php(363): CodeIgniter\CodeIgniter->handleRequest(null, Object(Config\Cache), false)
 9 SYSTEMPATH\Boot.php(417): CodeIgniter\CodeIgniter->run()
10 SYSTEMPATH\Boot.php(68): CodeIgniter\Boot::runCodeIgniter(Object(CodeIgniter\CodeIgniter))
11 FCPATH\index.php(14): CodeIgniter\Boot::bootWeb(Object(Config\Paths))
CRITICAL - 2026-10-02 11:31:13 --> CodeIgniter\Database\Exceptions\DatabaseException: Unknown column 'kategori' in 'where clause'
[Method: GET, Route: admin/keuangan/bahan-bangunan/dokumen/2]
in SYSTEMPATH\Database\BaseConnection.php on line 863.
 1 SYSTEMPATH\Database\BaseBuilder.php(1659): CodeIgniter\Database\BaseConnection->query('SELECT *
FROM `dokumen_keuangan`
WHERE `id` = :id:
AND `kategori` = :kategori:', [...], false)
 2 APPPATH\Controllers\AdminKeuangan.php(439): CodeIgniter\Database\BaseBuilder->get()
 3 SYSTEMPATH\CodeIgniter.php(974): App\Controllers\AdminKeuangan->viewDocument('bahan-bangunan', 2)
 4 SYSTEMPATH\CodeIgniter.php(520): CodeIgniter\CodeIgniter->runController(Object(App\Controllers\AdminKeuangan))
 5 SYSTEMPATH\CodeIgniter.php(363): CodeIgniter\CodeIgniter->handleRequest(null, Object(Config\Cache), false)
 6 SYSTEMPATH\Boot.php(417): CodeIgniter\CodeIgniter->run()
 7 SYSTEMPATH\Boot.php(68): CodeIgniter\Boot::runCodeIgniter(Object(CodeIgniter\CodeIgniter))
 8 FCPATH\index.php(14): CodeIgniter\Boot::bootWeb(Object(Config\Paths))
CRITICAL - 2026-10-02 11:31:13 --> [Caused by] CodeIgniter\Database\Exceptions\DatabaseException: Unknown column 'kategori' in 'where clause'
in SYSTEMPATH\Database\MySQLi\Connection.php on line 310.
 1 SYSTEMPATH\Database\BaseConnection.php(908): CodeIgniter\Database\MySQLi\Connection->execute('SELECT *
FROM `dokumen_keuangan`
WHERE `id` = 2
AND `kategori` = \'bahan-bangunan\'')
 2 SYSTEMPATH\Database\BaseConnection.php(825): CodeIgniter\Database\BaseConnection->simpleQuery('SELECT *
FROM `dokumen_keuangan`
WHERE `id` = 2
AND `kategori` = \'bahan-bangunan\'')
 3 SYSTEMPATH\Database\BaseBuilder.php(1659): CodeIgniter\Database\BaseConnection->query('SELECT *
FROM `dokumen_keuangan`
WHERE `id` = :id:
AND `kategori` = :kategori:', [...], false)
 4 APPPATH\Controllers\AdminKeuangan.php(439): CodeIgniter\Database\BaseBuilder->get()
 5 SYSTEMPATH\CodeIgniter.php(974): App\Controllers\AdminKeuangan->viewDocument('bahan-bangunan', 2)
 6 SYSTEMPATH\CodeIgniter.php(520): CodeIgniter\CodeIgniter->runController(Object(App\Controllers\AdminKeuangan))
 7 SYSTEMPATH\CodeIgniter.php(363): CodeIgniter\CodeIgniter->handleRequest(null, Object(Config\Cache), false)
 8 SYSTEMPATH\Boot.php(417): CodeIgniter\CodeIgniter->run()
 9 SYSTEMPATH\Boot.php(68): CodeIgniter\Boot::runCodeIgniter(Object(CodeIgniter\CodeIgniter))
10 FCPATH\index.php(14): CodeIgniter\Boot::bootWeb(Object(Config\Paths))
CRITICAL - 2026-10-02 11:31:13 --> [Caused by] mysqli_sql_exception: Unknown column 'kategori' in 'where clause'
in SYSTEMPATH\Database\MySQLi\Connection.php on line 300.
 1 SYSTEMPATH\Database\MySQLi\Connection.php(300): mysqli->query('SELECT *
FROM `dokumen_keuangan`
WHERE `id` = 2
AND `kategori` = \'bahan-bangunan\'', 0)
 2 SYSTEMPATH\Database\BaseConnection.php(908): CodeIgniter\Database\MySQLi\Connection->execute('SELECT *
FROM `dokumen_keuangan`
WHERE `id` = 2
AND `kategori` = \'bahan-bangunan\'')
 3 SYSTEMPATH\Database\BaseConnection.php(825): CodeIgniter\Database\BaseConnection->simpleQuery('SELECT *
FROM `dokumen_keuangan`
WHERE `id` = 2
AND `kategori` = \'bahan-bangunan\'')
 4 SYSTEMPATH\Database\BaseBuilder.php(1659): CodeIgniter\Database\BaseConnection->query('SELECT *
FROM `dokumen_keuangan`
WHERE `id` = :id:
AND `kategori` = :kategori:', [...], false)
 5 APPPATH\Controllers\AdminKeuangan.php(439): CodeIgniter\Database\BaseBuilder->get()
 6 SYSTEMPATH\CodeIgniter.php(974): App\Controllers\AdminKeuangan->viewDocument('bahan-bangunan', 2)
 7 SYSTEMPATH\CodeIgniter.php(520): CodeIgniter\CodeIgniter->runController(Object(App\Controllers\AdminKeuangan))
 8 SYSTEMPATH\CodeIgniter.php(363): CodeIgniter\CodeIgniter->handleRequest(null, Object(Config\Cache), false)
 9 SYSTEMPATH\Boot.php(417): CodeIgniter\CodeIgniter->run()
10 SYSTEMPATH\Boot.php(68): CodeIgniter\Boot::runCodeIgniter(Object(CodeIgniter\CodeIgniter))
11 FCPATH\index.php(14): CodeIgniter\Boot::bootWeb(Object(Config\Paths))
DEBUG - 2026-10-02 11:31:56 --> Session: Class initialized using 'CodeIgniter\Session\Handlers\FileHandler' driver.
ERROR - 2026-10-02 11:31:56 --> Unknown column 'kategori' in 'where clause'
in SYSTEMPATH\Database\MySQLi\Connection.php on line 300.
 1 SYSTEMPATH\Database\MySQLi\Connection.php(300): mysqli->query('SELECT *
FROM `dokumen_keuangan`
WHERE `id` = 2
AND `kategori` = \'bahan-bangunan\'', 0)
 2 SYSTEMPATH\Database\BaseConnection.php(908): CodeIgniter\Database\MySQLi\Connection->execute('SELECT *
FROM `dokumen_keuangan`
WHERE `id` = 2
AND `kategori` = \'bahan-bangunan\'')
 3 SYSTEMPATH\Database\BaseConnection.php(825): CodeIgniter\Database\BaseConnection->simpleQuery('SELECT *
FROM `dokumen_keuangan`
WHERE `id` = 2
AND `kategori` = \'bahan-bangunan\'')
 4 SYSTEMPATH\Database\BaseBuilder.php(1659): CodeIgniter\Database\BaseConnection->query('SELECT *
FROM `dokumen_keuangan`
WHERE `id` = :id:
AND `kategori` = :kategori:', [...], false)
 5 APPPATH\Controllers\AdminKeuangan.php(439): CodeIgniter\Database\BaseBuilder->get()
 6 SYSTEMPATH\CodeIgniter.php(974): App\Controllers\AdminKeuangan->viewDocument('bahan-bangunan', 2)
 7 SYSTEMPATH\CodeIgniter.php(520): CodeIgniter\CodeIgniter->runController(Object(App\Controllers\AdminKeuangan))
 8 SYSTEMPATH\CodeIgniter.php(363): CodeIgniter\CodeIgniter->handleRequest(null, Object(Config\Cache), false)
 9 SYSTEMPATH\Boot.php(417): CodeIgniter\CodeIgniter->run()
10 SYSTEMPATH\Boot.php(68): CodeIgniter\Boot::runCodeIgniter(Object(CodeIgniter\CodeIgniter))
11 FCPATH\index.php(14): CodeIgniter\Boot::bootWeb(Object(Config\Paths))
CRITICAL - 2026-10-02 11:31:56 --> CodeIgniter\Database\Exceptions\DatabaseException: Unknown column 'kategori' in 'where clause'
[Method: GET, Route: admin/keuangan/bahan-bangunan/dokumen/2]
in SYSTEMPATH\Database\BaseConnection.php on line 863.
 1 SYSTEMPATH\Database\BaseBuilder.php(1659): CodeIgniter\Database\BaseConnection->query('SELECT *
FROM `dokumen_keuangan`
WHERE `id` = :id:
AND `kategori` = :kategori:', [...], false)
 2 APPPATH\Controllers\AdminKeuangan.php(439): CodeIgniter\Database\BaseBuilder->get()
 3 SYSTEMPATH\CodeIgniter.php(974): App\Controllers\AdminKeuangan->viewDocument('bahan-bangunan', 2)
 4 SYSTEMPATH\CodeIgniter.php(520): CodeIgniter\CodeIgniter->runController(Object(App\Controllers\AdminKeuangan))
 5 SYSTEMPATH\CodeIgniter.php(363): CodeIgniter\CodeIgniter->handleRequest(null, Object(Config\Cache), false)
 6 SYSTEMPATH\Boot.php(417): CodeIgniter\CodeIgniter->run()
 7 SYSTEMPATH\Boot.php(68): CodeIgniter\Boot::runCodeIgniter(Object(CodeIgniter\CodeIgniter))
 8 FCPATH\index.php(14): CodeIgniter\Boot::bootWeb(Object(Config\Paths))
CRITICAL - 2026-10-02 11:31:56 --> [Caused by] CodeIgniter\Database\Exceptions\DatabaseException: Unknown column 'kategori' in 'where clause'
in SYSTEMPATH\Database\MySQLi\Connection.php on line 310.
 1 SYSTEMPATH\Database\BaseConnection.php(908): CodeIgniter\Database\MySQLi\Connection->execute('SELECT *
FROM `dokumen_keuangan`
WHERE `id` = 2
AND `kategori` = \'bahan-bangunan\'')
 2 SYSTEMPATH\Database\BaseConnection.php(825): CodeIgniter\Database\BaseConnection->simpleQuery('SELECT *
FROM `dokumen_keuangan`
WHERE `id` = 2
AND `kategori` = \'bahan-bangunan\'')
 3 SYSTEMPATH\Database\BaseBuilder.php(1659): CodeIgniter\Database\BaseConnection->query('SELECT *
FROM `dokumen_keuangan`
WHERE `id` = :id:
AND `kategori` = :kategori:', [...], false)
 4 APPPATH\Controllers\AdminKeuangan.php(439): CodeIgniter\Database\BaseBuilder->get()
 5 SYSTEMPATH\CodeIgniter.php(974): App\Controllers\AdminKeuangan->viewDocument('bahan-bangunan', 2)
 6 SYSTEMPATH\CodeIgniter.php(520): CodeIgniter\CodeIgniter->runController(Object(App\Controllers\AdminKeuangan))
 7 SYSTEMPATH\CodeIgniter.php(363): CodeIgniter\CodeIgniter->handleRequest(null, Object(Config\Cache), false)
 8 SYSTEMPATH\Boot.php(417): CodeIgniter\CodeIgniter->run()
 9 SYSTEMPATH\Boot.php(68): CodeIgniter\Boot::runCodeIgniter(Object(CodeIgniter\CodeIgniter))
10 FCPATH\index.php(14): CodeIgniter\Boot::bootWeb(Object(Config\Paths))
CRITICAL - 2026-10-02 11:31:56 --> [Caused by] mysqli_sql_exception: Unknown column 'kategori' in 'where clause'
in SYSTEMPATH\Database\MySQLi\Connection.php on line 300.
 1 SYSTEMPATH\Database\MySQLi\Connection.php(300): mysqli->query('SELECT *
FROM `dokumen_keuangan`
WHERE `id` = 2
AND `kategori` = \'bahan-bangunan\'', 0)
 2 SYSTEMPATH\Database\BaseConnection.php(908): CodeIgniter\Database\MySQLi\Connection->execute('SELECT *
FROM `dokumen_keuangan`
WHERE `id` = 2
AND `kategori` = \'bahan-bangunan\'')
 3 SYSTEMPATH\Database\BaseConnection.php(825): CodeIgniter\Database\BaseConnection->simpleQuery('SELECT *
FROM `dokumen_keuangan`
WHERE `id` = 2
AND `kategori` = \'bahan-bangunan\'')
 4 SYSTEMPATH\Database\BaseBuilder.php(1659): CodeIgniter\Database\BaseConnection->query('SELECT *
FROM `dokumen_keuangan`
WHERE `id` = :id:
AND `kategori` = :kategori:', [...], false)
 5 APPPATH\Controllers\AdminKeuangan.php(439): CodeIgniter\Database\BaseBuilder->get()
 6 SYSTEMPATH\CodeIgniter.php(974): App\Controllers\AdminKeuangan->viewDocument('bahan-bangunan', 2)
 7 SYSTEMPATH\CodeIgniter.php(520): CodeIgniter\CodeIgniter->runController(Object(App\Controllers\AdminKeuangan))
 8 SYSTEMPATH\CodeIgniter.php(363): CodeIgniter\CodeIgniter->handleRequest(null, Object(Config\Cache), false)
 9 SYSTEMPATH\Boot.php(417): CodeIgniter\CodeIgniter->run()
10 SYSTEMPATH\Boot.php(68): CodeIgniter\Boot::runCodeIgniter(Object(CodeIgniter\CodeIgniter))
11 FCPATH\index.php(14): CodeIgniter\Boot::bootWeb(Object(Config\Paths))
CRITICAL - 2026-10-02 11:34:44 --> ErrorException: Cannot redeclare App\Controllers\AdminKeuangan::viewDocument()
[Method: GET, Route: admin/keuangan/bahan-bangunan]
in APPPATH\Controllers\AdminKeuangan.php on line 454.
 1 [internal function]: CodeIgniter\Debug\Exceptions->shutdownHandler()
CRITICAL - 2026-10-02 11:34:57 --> ErrorException: Cannot redeclare App\Controllers\AdminKeuangan::viewDocument()
[Method: GET, Route: admin/keuangan/bahan-bangunan]
in APPPATH\Controllers\AdminKeuangan.php on line 454.
 1 [internal function]: CodeIgniter\Debug\Exceptions->shutdownHandler()
DEBUG - 2026-10-02 11:35:08 --> Session: Class initialized using 'CodeIgniter\Session\Handlers\FileHandler' driver.
DEBUG - 2026-10-02 11:35:08 --> Session: Class initialized using 'CodeIgniter\Session\Handlers\FileHandler' driver.
DEBUG - 2026-10-02 11:35:08 --> Session: Class initialized using 'CodeIgniter\Session\Handlers\FileHandler' driver.
CRITICAL - 2026-10-02 11:35:11 --> ErrorException: Cannot redeclare App\Controllers\AdminKeuangan::viewDocument()
[Method: GET, Route: admin/keuangan/bahan-bangunan]
in APPPATH\Controllers\AdminKeuangan.php on line 454.
 1 [internal function]: CodeIgniter\Debug\Exceptions->shutdownHandler()
DEBUG - 2026-10-02 11:35:32 --> Session: Class initialized using 'CodeIgniter\Session\Handlers\FileHandler' driver.
DEBUG - 2026-10-02 11:36:28 --> Session: Class initialized using 'CodeIgniter\Session\Handlers\FileHandler' driver.
ERROR - 2026-10-02 11:36:28 --> Unknown column 'kategori' in 'where clause'
in SYSTEMPATH\Database\MySQLi\Connection.php on line 300.
 1 SYSTEMPATH\Database\MySQLi\Connection.php(300): mysqli->query('SELECT *
FROM `dokumen_keuangan`
WHERE `id` = 2
AND `kategori` = \'bahan-bangunan\'', 0)
 2 SYSTEMPATH\Database\BaseConnection.php(908): CodeIgniter\Database\MySQLi\Connection->execute('SELECT *
FROM `dokumen_keuangan`
WHERE `id` = 2
AND `kategori` = \'bahan-bangunan\'')
 3 SYSTEMPATH\Database\BaseConnection.php(825): CodeIgniter\Database\BaseConnection->simpleQuery('SELECT *
FROM `dokumen_keuangan`
WHERE `id` = 2
AND `kategori` = \'bahan-bangunan\'')
 4 SYSTEMPATH\Database\BaseBuilder.php(1659): CodeIgniter\Database\BaseConnection->query('SELECT *
FROM `dokumen_keuangan`
WHERE `id` = :id:
AND `kategori` = :kategori:', [...], false)
 5 APPPATH\Controllers\AdminKeuangan.php(439): CodeIgniter\Database\BaseBuilder->get()
 6 SYSTEMPATH\CodeIgniter.php(974): App\Controllers\AdminKeuangan->viewDocument('bahan-bangunan', 2)
 7 SYSTEMPATH\CodeIgniter.php(520): CodeIgniter\CodeIgniter->runController(Object(App\Controllers\AdminKeuangan))
 8 SYSTEMPATH\CodeIgniter.php(363): CodeIgniter\CodeIgniter->handleRequest(null, Object(Config\Cache), false)
 9 SYSTEMPATH\Boot.php(417): CodeIgniter\CodeIgniter->run()
10 SYSTEMPATH\Boot.php(68): CodeIgniter\Boot::runCodeIgniter(Object(CodeIgniter\CodeIgniter))
11 FCPATH\index.php(14): CodeIgniter\Boot::bootWeb(Object(Config\Paths))
CRITICAL - 2026-10-02 11:36:28 --> CodeIgniter\Database\Exceptions\DatabaseException: Unknown column 'kategori' in 'where clause'
[Method: GET, Route: admin/keuangan/bahan-bangunan/dokumen/2]
in SYSTEMPATH\Database\BaseConnection.php on line 863.
 1 SYSTEMPATH\Database\BaseBuilder.php(1659): CodeIgniter\Database\BaseConnection->query('SELECT *
FROM `dokumen_keuangan`
WHERE `id` = :id:
AND `kategori` = :kategori:', [...], false)
 2 APPPATH\Controllers\AdminKeuangan.php(439): CodeIgniter\Database\BaseBuilder->get()
 3 SYSTEMPATH\CodeIgniter.php(974): App\Controllers\AdminKeuangan->viewDocument('bahan-bangunan', 2)
 4 SYSTEMPATH\CodeIgniter.php(520): CodeIgniter\CodeIgniter->runController(Object(App\Controllers\AdminKeuangan))
 5 SYSTEMPATH\CodeIgniter.php(363): CodeIgniter\CodeIgniter->handleRequest(null, Object(Config\Cache), false)
 6 SYSTEMPATH\Boot.php(417): CodeIgniter\CodeIgniter->run()
 7 SYSTEMPATH\Boot.php(68): CodeIgniter\Boot::runCodeIgniter(Object(CodeIgniter\CodeIgniter))
 8 FCPATH\index.php(14): CodeIgniter\Boot::bootWeb(Object(Config\Paths))
CRITICAL - 2026-10-02 11:36:28 --> [Caused by] CodeIgniter\Database\Exceptions\DatabaseException: Unknown column 'kategori' in 'where clause'
in SYSTEMPATH\Database\MySQLi\Connection.php on line 310.
 1 SYSTEMPATH\Database\BaseConnection.php(908): CodeIgniter\Database\MySQLi\Connection->execute('SELECT *
FROM `dokumen_keuangan`
WHERE `id` = 2
AND `kategori` = \'bahan-bangunan\'')
 2 SYSTEMPATH\Database\BaseConnection.php(825): CodeIgniter\Database\BaseConnection->simpleQuery('SELECT *
FROM `dokumen_keuangan`
WHERE `id` = 2
AND `kategori` = \'bahan-bangunan\'')
 3 SYSTEMPATH\Database\BaseBuilder.php(1659): CodeIgniter\Database\BaseConnection->query('SELECT *
FROM `dokumen_keuangan`
WHERE `id` = :id:
AND `kategori` = :kategori:', [...], false)
 4 APPPATH\Controllers\AdminKeuangan.php(439): CodeIgniter\Database\BaseBuilder->get()
 5 SYSTEMPATH\CodeIgniter.php(974): App\Controllers\AdminKeuangan->viewDocument('bahan-bangunan', 2)
 6 SYSTEMPATH\CodeIgniter.php(520): CodeIgniter\CodeIgniter->runController(Object(App\Controllers\AdminKeuangan))
 7 SYSTEMPATH\CodeIgniter.php(363): CodeIgniter\CodeIgniter->handleRequest(null, Object(Config\Cache), false)
 8 SYSTEMPATH\Boot.php(417): CodeIgniter\CodeIgniter->run()
 9 SYSTEMPATH\Boot.php(68): CodeIgniter\Boot::runCodeIgniter(Object(CodeIgniter\CodeIgniter))
10 FCPATH\index.php(14): CodeIgniter\Boot::bootWeb(Object(Config\Paths))
CRITICAL - 2026-10-02 11:36:28 --> [Caused by] mysqli_sql_exception: Unknown column 'kategori' in 'where clause'
in SYSTEMPATH\Database\MySQLi\Connection.php on line 300.
 1 SYSTEMPATH\Database\MySQLi\Connection.php(300): mysqli->query('SELECT *
FROM `dokumen_keuangan`
WHERE `id` = 2
AND `kategori` = \'bahan-bangunan\'', 0)
 2 SYSTEMPATH\Database\BaseConnection.php(908): CodeIgniter\Database\MySQLi\Connection->execute('SELECT *
FROM `dokumen_keuangan`
WHERE `id` = 2
AND `kategori` = \'bahan-bangunan\'')
 3 SYSTEMPATH\Database\BaseConnection.php(825): CodeIgniter\Database\BaseConnection->simpleQuery('SELECT *
FROM `dokumen_keuangan`
WHERE `id` = 2
AND `kategori` = \'bahan-bangunan\'')
 4 SYSTEMPATH\Database\BaseBuilder.php(1659): CodeIgniter\Database\BaseConnection->query('SELECT *
FROM `dokumen_keuangan`
WHERE `id` = :id:
AND `kategori` = :kategori:', [...], false)
 5 APPPATH\Controllers\AdminKeuangan.php(439): CodeIgniter\Database\BaseBuilder->get()
 6 SYSTEMPATH\CodeIgniter.php(974): App\Controllers\AdminKeuangan->viewDocument('bahan-bangunan', 2)
 7 SYSTEMPATH\CodeIgniter.php(520): CodeIgniter\CodeIgniter->runController(Object(App\Controllers\AdminKeuangan))
 8 SYSTEMPATH\CodeIgniter.php(363): CodeIgniter\CodeIgniter->handleRequest(null, Object(Config\Cache), false)
 9 SYSTEMPATH\Boot.php(417): CodeIgniter\CodeIgniter->run()
10 SYSTEMPATH\Boot.php(68): CodeIgniter\Boot::runCodeIgniter(Object(CodeIgniter\CodeIgniter))
11 FCPATH\index.php(14): CodeIgniter\Boot::bootWeb(Object(Config\Paths))
DEBUG - 2026-10-02 11:36:36 --> Session: Class initialized using 'CodeIgniter\Session\Handlers\FileHandler' driver.
ERROR - 2026-10-02 11:36:36 --> Unknown column 'kategori' in 'where clause'
in SYSTEMPATH\Database\MySQLi\Connection.php on line 300.
 1 SYSTEMPATH\Database\MySQLi\Connection.php(300): mysqli->query('SELECT *
FROM `dokumen_keuangan`
WHERE `id` = 2
AND `kategori` = \'bahan-bangunan\'', 0)
 2 SYSTEMPATH\Database\BaseConnection.php(908): CodeIgniter\Database\MySQLi\Connection->execute('SELECT *
FROM `dokumen_keuangan`
WHERE `id` = 2
AND `kategori` = \'bahan-bangunan\'')
 3 SYSTEMPATH\Database\BaseConnection.php(825): CodeIgniter\Database\BaseConnection->simpleQuery('SELECT *
FROM `dokumen_keuangan`
WHERE `id` = 2
AND `kategori` = \'bahan-bangunan\'')
 4 SYSTEMPATH\Database\BaseBuilder.php(1659): CodeIgniter\Database\BaseConnection->query('SELECT *
FROM `dokumen_keuangan`
WHERE `id` = :id:
AND `kategori` = :kategori:', [...], false)
 5 APPPATH\Controllers\AdminKeuangan.php(439): CodeIgniter\Database\BaseBuilder->get()
 6 SYSTEMPATH\CodeIgniter.php(974): App\Controllers\AdminKeuangan->viewDocument('bahan-bangunan', 2)
 7 SYSTEMPATH\CodeIgniter.php(520): CodeIgniter\CodeIgniter->runController(Object(App\Controllers\AdminKeuangan))
 8 SYSTEMPATH\CodeIgniter.php(363): CodeIgniter\CodeIgniter->handleRequest(null, Object(Config\Cache), false)
 9 SYSTEMPATH\Boot.php(417): CodeIgniter\CodeIgniter->run()
10 SYSTEMPATH\Boot.php(68): CodeIgniter\Boot::runCodeIgniter(Object(CodeIgniter\CodeIgniter))
11 FCPATH\index.php(14): CodeIgniter\Boot::bootWeb(Object(Config\Paths))
CRITICAL - 2026-10-02 11:36:36 --> CodeIgniter\Database\Exceptions\DatabaseException: Unknown column 'kategori' in 'where clause'
[Method: GET, Route: admin/keuangan/bahan-bangunan/dokumen/2]
in SYSTEMPATH\Database\BaseConnection.php on line 863.
 1 SYSTEMPATH\Database\BaseBuilder.php(1659): CodeIgniter\Database\BaseConnection->query('SELECT *
FROM `dokumen_keuangan`
WHERE `id` = :id:
AND `kategori` = :kategori:', [...], false)
 2 APPPATH\Controllers\AdminKeuangan.php(439): CodeIgniter\Database\BaseBuilder->get()
 3 SYSTEMPATH\CodeIgniter.php(974): App\Controllers\AdminKeuangan->viewDocument('bahan-bangunan', 2)
 4 SYSTEMPATH\CodeIgniter.php(520): CodeIgniter\CodeIgniter->runController(Object(App\Controllers\AdminKeuangan))
 5 SYSTEMPATH\CodeIgniter.php(363): CodeIgniter\CodeIgniter->handleRequest(null, Object(Config\Cache), false)
 6 SYSTEMPATH\Boot.php(417): CodeIgniter\CodeIgniter->run()
 7 SYSTEMPATH\Boot.php(68): CodeIgniter\Boot::runCodeIgniter(Object(CodeIgniter\CodeIgniter))
 8 FCPATH\index.php(14): CodeIgniter\Boot::bootWeb(Object(Config\Paths))
CRITICAL - 2026-10-02 11:36:36 --> [Caused by] CodeIgniter\Database\Exceptions\DatabaseException: Unknown column 'kategori' in 'where clause'
in SYSTEMPATH\Database\MySQLi\Connection.php on line 310.
 1 SYSTEMPATH\Database\BaseConnection.php(908): CodeIgniter\Database\MySQLi\Connection->execute('SELECT *
FROM `dokumen_keuangan`
WHERE `id` = 2
AND `kategori` = \'bahan-bangunan\'')
 2 SYSTEMPATH\Database\BaseConnection.php(825): CodeIgniter\Database\BaseConnection->simpleQuery('SELECT *
FROM `dokumen_keuangan`
WHERE `id` = 2
AND `kategori` = \'bahan-bangunan\'')
 3 SYSTEMPATH\Database\BaseBuilder.php(1659): CodeIgniter\Database\BaseConnection->query('SELECT *
FROM `dokumen_keuangan`
WHERE `id` = :id:
AND `kategori` = :kategori:', [...], false)
 4 APPPATH\Controllers\AdminKeuangan.php(439): CodeIgniter\Database\BaseBuilder->get()
 5 SYSTEMPATH\CodeIgniter.php(974): App\Controllers\AdminKeuangan->viewDocument('bahan-bangunan', 2)
 6 SYSTEMPATH\CodeIgniter.php(520): CodeIgniter\CodeIgniter->runController(Object(App\Controllers\AdminKeuangan))
 7 SYSTEMPATH\CodeIgniter.php(363): CodeIgniter\CodeIgniter->handleRequest(null, Object(Config\Cache), false)
 8 SYSTEMPATH\Boot.php(417): CodeIgniter\CodeIgniter->run()
 9 SYSTEMPATH\Boot.php(68): CodeIgniter\Boot::runCodeIgniter(Object(CodeIgniter\CodeIgniter))
10 FCPATH\index.php(14): CodeIgniter\Boot::bootWeb(Object(Config\Paths))
CRITICAL - 2026-10-02 11:36:36 --> [Caused by] mysqli_sql_exception: Unknown column 'kategori' in 'where clause'
in SYSTEMPATH\Database\MySQLi\Connection.php on line 300.
 1 SYSTEMPATH\Database\MySQLi\Connection.php(300): mysqli->query('SELECT *
FROM `dokumen_keuangan`
WHERE `id` = 2
AND `kategori` = \'bahan-bangunan\'', 0)
 2 SYSTEMPATH\Database\BaseConnection.php(908): CodeIgniter\Database\MySQLi\Connection->execute('SELECT *
FROM `dokumen_keuangan`
WHERE `id` = 2
AND `kategori` = \'bahan-bangunan\'')
 3 SYSTEMPATH\Database\BaseConnection.php(825): CodeIgniter\Database\BaseConnection->simpleQuery('SELECT *
FROM `dokumen_keuangan`
WHERE `id` = 2
AND `kategori` = \'bahan-bangunan\'')
 4 SYSTEMPATH\Database\BaseBuilder.php(1659): CodeIgniter\Database\BaseConnection->query('SELECT *
FROM `dokumen_keuangan`
WHERE `id` = :id:
AND `kategori` = :kategori:', [...], false)
 5 APPPATH\Controllers\AdminKeuangan.php(439): CodeIgniter\Database\BaseBuilder->get()
 6 SYSTEMPATH\CodeIgniter.php(974): App\Controllers\AdminKeuangan->viewDocument('bahan-bangunan', 2)
 7 SYSTEMPATH\CodeIgniter.php(520): CodeIgniter\CodeIgniter->runController(Object(App\Controllers\AdminKeuangan))
 8 SYSTEMPATH\CodeIgniter.php(363): CodeIgniter\CodeIgniter->handleRequest(null, Object(Config\Cache), false)
 9 SYSTEMPATH\Boot.php(417): CodeIgniter\CodeIgniter->run()
10 SYSTEMPATH\Boot.php(68): CodeIgniter\Boot::runCodeIgniter(Object(CodeIgniter\CodeIgniter))
11 FCPATH\index.php(14): CodeIgniter\Boot::bootWeb(Object(Config\Paths))
DEBUG - 2026-10-02 11:36:46 --> Session: Class initialized using 'CodeIgniter\Session\Handlers\FileHandler' driver.
ERROR - 2026-10-02 11:36:46 --> Unknown column 'kategori' in 'where clause'
in SYSTEMPATH\Database\MySQLi\Connection.php on line 300.
 1 SYSTEMPATH\Database\MySQLi\Connection.php(300): mysqli->query('SELECT *
FROM `dokumen_keuangan`
WHERE `id` = 2
AND `kategori` = \'bahan-bangunan\'', 0)
 2 SYSTEMPATH\Database\BaseConnection.php(908): CodeIgniter\Database\MySQLi\Connection->execute('SELECT *
FROM `dokumen_keuangan`
WHERE `id` = 2
AND `kategori` = \'bahan-bangunan\'')
 3 SYSTEMPATH\Database\BaseConnection.php(825): CodeIgniter\Database\BaseConnection->simpleQuery('SELECT *
FROM `dokumen_keuangan`
WHERE `id` = 2
AND `kategori` = \'bahan-bangunan\'')
 4 SYSTEMPATH\Database\BaseBuilder.php(1659): CodeIgniter\Database\BaseConnection->query('SELECT *
FROM `dokumen_keuangan`
WHERE `id` = :id:
AND `kategori` = :kategori:', [...], false)
 5 APPPATH\Controllers\AdminKeuangan.php(439): CodeIgniter\Database\BaseBuilder->get()
 6 SYSTEMPATH\CodeIgniter.php(974): App\Controllers\AdminKeuangan->viewDocument('bahan-bangunan', 2)
 7 SYSTEMPATH\CodeIgniter.php(520): CodeIgniter\CodeIgniter->runController(Object(App\Controllers\AdminKeuangan))
 8 SYSTEMPATH\CodeIgniter.php(363): CodeIgniter\CodeIgniter->handleRequest(null, Object(Config\Cache), false)
 9 SYSTEMPATH\Boot.php(417): CodeIgniter\CodeIgniter->run()
10 SYSTEMPATH\Boot.php(68): CodeIgniter\Boot::runCodeIgniter(Object(CodeIgniter\CodeIgniter))
11 FCPATH\index.php(14): CodeIgniter\Boot::bootWeb(Object(Config\Paths))
CRITICAL - 2026-10-02 11:36:46 --> CodeIgniter\Database\Exceptions\DatabaseException: Unknown column 'kategori' in 'where clause'
[Method: GET, Route: admin/keuangan/bahan-bangunan/dokumen/2]
in SYSTEMPATH\Database\BaseConnection.php on line 863.
 1 SYSTEMPATH\Database\BaseBuilder.php(1659): CodeIgniter\Database\BaseConnection->query('SELECT *
FROM `dokumen_keuangan`
WHERE `id` = :id:
AND `kategori` = :kategori:', [...], false)
 2 APPPATH\Controllers\AdminKeuangan.php(439): CodeIgniter\Database\BaseBuilder->get()
 3 SYSTEMPATH\CodeIgniter.php(974): App\Controllers\AdminKeuangan->viewDocument('bahan-bangunan', 2)
 4 SYSTEMPATH\CodeIgniter.php(520): CodeIgniter\CodeIgniter->runController(Object(App\Controllers\AdminKeuangan))
 5 SYSTEMPATH\CodeIgniter.php(363): CodeIgniter\CodeIgniter->handleRequest(null, Object(Config\Cache), false)
 6 SYSTEMPATH\Boot.php(417): CodeIgniter\CodeIgniter->run()
 7 SYSTEMPATH\Boot.php(68): CodeIgniter\Boot::runCodeIgniter(Object(CodeIgniter\CodeIgniter))
 8 FCPATH\index.php(14): CodeIgniter\Boot::bootWeb(Object(Config\Paths))
CRITICAL - 2026-10-02 11:36:46 --> [Caused by] CodeIgniter\Database\Exceptions\DatabaseException: Unknown column 'kategori' in 'where clause'
in SYSTEMPATH\Database\MySQLi\Connection.php on line 310.
 1 SYSTEMPATH\Database\BaseConnection.php(908): CodeIgniter\Database\MySQLi\Connection->execute('SELECT *
FROM `dokumen_keuangan`
WHERE `id` = 2
AND `kategori` = \'bahan-bangunan\'')
 2 SYSTEMPATH\Database\BaseConnection.php(825): CodeIgniter\Database\BaseConnection->simpleQuery('SELECT *
FROM `dokumen_keuangan`
WHERE `id` = 2
AND `kategori` = \'bahan-bangunan\'')
 3 SYSTEMPATH\Database\BaseBuilder.php(1659): CodeIgniter\Database\BaseConnection->query('SELECT *
FROM `dokumen_keuangan`
WHERE `id` = :id:
AND `kategori` = :kategori:', [...], false)
 4 APPPATH\Controllers\AdminKeuangan.php(439): CodeIgniter\Database\BaseBuilder->get()
 5 SYSTEMPATH\CodeIgniter.php(974): App\Controllers\AdminKeuangan->viewDocument('bahan-bangunan', 2)
 6 SYSTEMPATH\CodeIgniter.php(520): CodeIgniter\CodeIgniter->runController(Object(App\Controllers\AdminKeuangan))
 7 SYSTEMPATH\CodeIgniter.php(363): CodeIgniter\CodeIgniter->handleRequest(null, Object(Config\Cache), false)
 8 SYSTEMPATH\Boot.php(417): CodeIgniter\CodeIgniter->run()
 9 SYSTEMPATH\Boot.php(68): CodeIgniter\Boot::runCodeIgniter(Object(CodeIgniter\CodeIgniter))
10 FCPATH\index.php(14): CodeIgniter\Boot::bootWeb(Object(Config\Paths))
CRITICAL - 2026-10-02 11:36:46 --> [Caused by] mysqli_sql_exception: Unknown column 'kategori' in 'where clause'
in SYSTEMPATH\Database\MySQLi\Connection.php on line 300.
 1 SYSTEMPATH\Database\MySQLi\Connection.php(300): mysqli->query('SELECT *
FROM `dokumen_keuangan`
WHERE `id` = 2
AND `kategori` = \'bahan-bangunan\'', 0)
 2 SYSTEMPATH\Database\BaseConnection.php(908): CodeIgniter\Database\MySQLi\Connection->execute('SELECT *
FROM `dokumen_keuangan`
WHERE `id` = 2
AND `kategori` = \'bahan-bangunan\'')
 3 SYSTEMPATH\Database\BaseConnection.php(825): CodeIgniter\Database\BaseConnection->simpleQuery('SELECT *
FROM `dokumen_keuangan`
WHERE `id` = 2
AND `kategori` = \'bahan-bangunan\'')
 4 SYSTEMPATH\Database\BaseBuilder.php(1659): CodeIgniter\Database\BaseConnection->query('SELECT *
FROM `dokumen_keuangan`
WHERE `id` = :id:
AND `kategori` = :kategori:', [...], false)
 5 APPPATH\Controllers\AdminKeuangan.php(439): CodeIgniter\Database\BaseBuilder->get()
 6 SYSTEMPATH\CodeIgniter.php(974): App\Controllers\AdminKeuangan->viewDocument('bahan-bangunan', 2)
 7 SYSTEMPATH\CodeIgniter.php(520): CodeIgniter\CodeIgniter->runController(Object(App\Controllers\AdminKeuangan))
 8 SYSTEMPATH\CodeIgniter.php(363): CodeIgniter\CodeIgniter->handleRequest(null, Object(Config\Cache), false)
 9 SYSTEMPATH\Boot.php(417): CodeIgniter\CodeIgniter->run()
10 SYSTEMPATH\Boot.php(68): CodeIgniter\Boot::runCodeIgniter(Object(CodeIgniter\CodeIgniter))
11 FCPATH\index.php(14): CodeIgniter\Boot::bootWeb(Object(Config\Paths))
DEBUG - 2026-10-02 11:37:51 --> Session: Class initialized using 'CodeIgniter\Session\Handlers\FileHandler' driver.
DEBUG - 2026-10-02 11:37:53 --> Session: Class initialized using 'CodeIgniter\Session\Handlers\FileHandler' driver.
DEBUG - 2026-10-02 11:39:03 --> Session: Class initialized using 'CodeIgniter\Session\Handlers\FileHandler' driver.
DEBUG - 2026-10-02 11:40:02 --> Session: Class initialized using 'CodeIgniter\Session\Handlers\FileHandler' driver.
DEBUG - 2026-10-02 11:40:03 --> Session: Class initialized using 'CodeIgniter\Session\Handlers\FileHandler' driver.
DEBUG - 2026-10-02 11:40:07 --> Session: Class initialized using 'CodeIgniter\Session\Handlers\FileHandler' driver.
CRITICAL - 2026-10-02 11:40:07 --> ErrorException: Undefined array key "pekerjaan"
[Method: GET, Route: admin/keuangan/ongkos-tukang]
in APPPATH\Views\admin\keuangan.php on line 272.
 1 APPPATH\Views\admin\keuangan.php(272): CodeIgniter\Debug\Exceptions->errorHandler(2, 'Undefined array key "pekerjaan"', 'C:\\xampp\\htdocs\\revit-smp\\app\\Views\\admin\\keuangan.php', 272)
 2 SYSTEMPATH\View\View.php(240): include('C:\\xampp\\htdocs\\revit-smp\\app\\Views\\admin\\keuangan.php')
 3 SYSTEMPATH\View\View.php(243): CodeIgniter\View\View->CodeIgniter\View\{closure}()
 4 SYSTEMPATH\Common.php(1268): CodeIgniter\View\View->render('admin/keuangan', [], true)
 5 APPPATH\Controllers\AdminKeuangan.php(147): view('admin/keuangan', [...])
 6 SYSTEMPATH\CodeIgniter.php(974): App\Controllers\AdminKeuangan->index('ongkos-tukang')
 7 SYSTEMPATH\CodeIgniter.php(520): CodeIgniter\CodeIgniter->runController(Object(App\Controllers\AdminKeuangan))
 8 SYSTEMPATH\CodeIgniter.php(363): CodeIgniter\CodeIgniter->handleRequest(null, Object(Config\Cache), false)
 9 SYSTEMPATH\Boot.php(417): CodeIgniter\CodeIgniter->run()
10 SYSTEMPATH\Boot.php(68): CodeIgniter\Boot::runCodeIgniter(Object(CodeIgniter\CodeIgniter))
11 FCPATH\index.php(14): CodeIgniter\Boot::bootWeb(Object(Config\Paths))
DEBUG - 2026-10-02 11:47:30 --> Session: Class initialized using 'CodeIgniter\Session\Handlers\FileHandler' driver.
CRITICAL - 2026-10-02 11:47:30 --> ErrorException: Undefined array key "pekerjaan"
[Method: GET, Route: admin/keuangan/ongkos-tukang]
in APPPATH\Views\admin\keuangan.php on line 273.
 1 APPPATH\Views\admin\keuangan.php(273): CodeIgniter\Debug\Exceptions->errorHandler(2, 'Undefined array key "pekerjaan"', 'C:\\xampp\\htdocs\\revit-smp\\app\\Views\\admin\\keuangan.php', 273)
 2 SYSTEMPATH\View\View.php(240): include('C:\\xampp\\htdocs\\revit-smp\\app\\Views\\admin\\keuangan.php')
 3 SYSTEMPATH\View\View.php(243): CodeIgniter\View\View->CodeIgniter\View\{closure}()
 4 SYSTEMPATH\Common.php(1268): CodeIgniter\View\View->render('admin/keuangan', [], true)
 5 APPPATH\Controllers\AdminKeuangan.php(147): view('admin/keuangan', [...])
 6 SYSTEMPATH\CodeIgniter.php(974): App\Controllers\AdminKeuangan->index('ongkos-tukang')
 7 SYSTEMPATH\CodeIgniter.php(520): CodeIgniter\CodeIgniter->runController(Object(App\Controllers\AdminKeuangan))
 8 SYSTEMPATH\CodeIgniter.php(363): CodeIgniter\CodeIgniter->handleRequest(null, Object(Config\Cache), false)
 9 SYSTEMPATH\Boot.php(417): CodeIgniter\CodeIgniter->run()
10 SYSTEMPATH\Boot.php(68): CodeIgniter\Boot::runCodeIgniter(Object(CodeIgniter\CodeIgniter))
11 FCPATH\index.php(14): CodeIgniter\Boot::bootWeb(Object(Config\Paths))
DEBUG - 2026-10-02 11:47:36 --> Session: Class initialized using 'CodeIgniter\Session\Handlers\FileHandler' driver.
DEBUG - 2026-10-02 11:47:38 --> Session: Class initialized using 'CodeIgniter\Session\Handlers\FileHandler' driver.
DEBUG - 2026-10-02 11:47:41 --> Session: Class initialized using 'CodeIgniter\Session\Handlers\FileHandler' driver.
CRITICAL - 2026-10-02 11:47:41 --> ErrorException: Undefined array key "pekerjaan"
[Method: GET, Route: admin/keuangan/ongkos-tukang]
in APPPATH\Views\admin\keuangan.php on line 273.
 1 APPPATH\Views\admin\keuangan.php(273): CodeIgniter\Debug\Exceptions->errorHandler(2, 'Undefined array key "pekerjaan"', 'C:\\xampp\\htdocs\\revit-smp\\app\\Views\\admin\\keuangan.php', 273)
 2 SYSTEMPATH\View\View.php(240): include('C:\\xampp\\htdocs\\revit-smp\\app\\Views\\admin\\keuangan.php')
 3 SYSTEMPATH\View\View.php(243): CodeIgniter\View\View->CodeIgniter\View\{closure}()
 4 SYSTEMPATH\Common.php(1268): CodeIgniter\View\View->render('admin/keuangan', [], true)
 5 APPPATH\Controllers\AdminKeuangan.php(147): view('admin/keuangan', [...])
 6 SYSTEMPATH\CodeIgniter.php(974): App\Controllers\AdminKeuangan->index('ongkos-tukang')
 7 SYSTEMPATH\CodeIgniter.php(520): CodeIgniter\CodeIgniter->runController(Object(App\Controllers\AdminKeuangan))
 8 SYSTEMPATH\CodeIgniter.php(363): CodeIgniter\CodeIgniter->handleRequest(null, Object(Config\Cache), false)
 9 SYSTEMPATH\Boot.php(417): CodeIgniter\CodeIgniter->run()
10 SYSTEMPATH\Boot.php(68): CodeIgniter\Boot::runCodeIgniter(Object(CodeIgniter\CodeIgniter))
11 FCPATH\index.php(14): CodeIgniter\Boot::bootWeb(Object(Config\Paths))
DEBUG - 2026-10-02 11:50:13 --> Session: Class initialized using 'CodeIgniter\Session\Handlers\FileHandler' driver.
DEBUG - 2026-10-02 11:50:18 --> Session: Class initialized using 'CodeIgniter\Session\Handlers\FileHandler' driver.
DEBUG - 2026-10-02 11:50:26 --> Session: Class initialized using 'CodeIgniter\Session\Handlers\FileHandler' driver.
DEBUG - 2026-10-02 11:50:29 --> Session: Class initialized using 'CodeIgniter\Session\Handlers\FileHandler' driver.
DEBUG - 2026-10-02 11:50:31 --> Session: Class initialized using 'CodeIgniter\Session\Handlers\FileHandler' driver.
DEBUG - 2026-10-02 11:50:33 --> Session: Class initialized using 'CodeIgniter\Session\Handlers\FileHandler' driver.
DEBUG - 2026-10-02 11:50:38 --> Session: Class initialized using 'CodeIgniter\Session\Handlers\FileHandler' driver.
DEBUG - 2026-10-02 11:50:44 --> Session: Class initialized using 'CodeIgniter\Session\Handlers\FileHandler' driver.
DEBUG - 2026-10-02 11:50:51 --> Session: Class initialized using 'CodeIgniter\Session\Handlers\FileHandler' driver.
DEBUG - 2026-10-02 11:50:54 --> Session: Class initialized using 'CodeIgniter\Session\Handlers\FileHandler' driver.
DEBUG - 2026-10-02 11:50:56 --> Session: Class initialized using 'CodeIgniter\Session\Handlers\FileHandler' driver.
DEBUG - 2026-10-02 11:51:02 --> Session: Class initialized using 'CodeIgniter\Session\Handlers\FileHandler' driver.
DEBUG - 2026-10-02 11:51:12 --> Session: Class initialized using 'CodeIgniter\Session\Handlers\FileHandler' driver.
DEBUG - 2026-10-02 11:51:17 --> Session: Class initialized using 'CodeIgniter\Session\Handlers\FileHandler' driver.
DEBUG - 2026-10-02 11:51:17 --> Session: Class initialized using 'CodeIgniter\Session\Handlers\FileHandler' driver.
DEBUG - 2026-10-02 11:51:21 --> Session: Class initialized using 'CodeIgniter\Session\Handlers\FileHandler' driver.
DEBUG - 2026-10-02 11:51:25 --> Session: Class initialized using 'CodeIgniter\Session\Handlers\FileHandler' driver.
DEBUG - 2026-10-02 11:51:26 --> Session: Class initialized using 'CodeIgniter\Session\Handlers\FileHandler' driver.
DEBUG - 2026-10-02 11:51:30 --> Session: Class initialized using 'CodeIgniter\Session\Handlers\FileHandler' driver.
DEBUG - 2026-10-02 11:51:34 --> Session: Class initialized using 'CodeIgniter\Session\Handlers\FileHandler' driver.
DEBUG - 2026-10-02 11:51:47 --> Session: Class initialized using 'CodeIgniter\Session\Handlers\FileHandler' driver.
DEBUG - 2026-10-02 11:51:50 --> Session: Class initialized using 'CodeIgniter\Session\Handlers\FileHandler' driver.
DEBUG - 2026-10-02 11:51:51 --> Session: Class initialized using 'CodeIgniter\Session\Handlers\FileHandler' driver.
DEBUG - 2026-10-02 11:52:11 --> Session: Class initialized using 'CodeIgniter\Session\Handlers\FileHandler' driver.
DEBUG - 2026-10-02 11:52:12 --> Session: Class initialized using 'CodeIgniter\Session\Handlers\FileHandler' driver.
DEBUG - 2026-10-02 11:52:25 --> Session: Class initialized using 'CodeIgniter\Session\Handlers\FileHandler' driver.
DEBUG - 2026-10-02 11:53:31 --> Session: Class initialized using 'CodeIgniter\Session\Handlers\FileHandler' driver.
DEBUG - 2026-10-02 11:56:35 --> Session: Class initialized using 'CodeIgniter\Session\Handlers\FileHandler' driver.
DEBUG - 2026-10-02 11:56:35 --> Session: Class initialized using 'CodeIgniter\Session\Handlers\FileHandler' driver.
DEBUG - 2026-10-02 11:56:40 --> Session: Class initialized using 'CodeIgniter\Session\Handlers\FileHandler' driver.
DEBUG - 2026-10-02 11:56:49 --> Session: Class initialized using 'CodeIgniter\Session\Handlers\FileHandler' driver.
DEBUG - 2026-10-02 11:56:54 --> Session: Class initialized using 'CodeIgniter\Session\Handlers\FileHandler' driver.
DEBUG - 2026-10-02 11:56:56 --> Session: Class initialized using 'CodeIgniter\Session\Handlers\FileHandler' driver.
DEBUG - 2026-10-02 11:57:08 --> Session: Class initialized using 'CodeIgniter\Session\Handlers\FileHandler' driver.
DEBUG - 2026-10-02 11:57:11 --> Session: Class initialized using 'CodeIgniter\Session\Handlers\FileHandler' driver.
DEBUG - 2026-10-02 11:57:13 --> Session: Class initialized using 'CodeIgniter\Session\Handlers\FileHandler' driver.
DEBUG - 2026-10-02 11:57:28 --> Session: Class initialized using 'CodeIgniter\Session\Handlers\FileHandler' driver.
DEBUG - 2026-10-02 12:07:08 --> Session: Class initialized using 'CodeIgniter\Session\Handlers\FileHandler' driver.
DEBUG - 2026-10-02 12:07:14 --> Session: Class initialized using 'CodeIgniter\Session\Handlers\FileHandler' driver.
DEBUG - 2026-10-02 12:07:17 --> Session: Class initialized using 'CodeIgniter\Session\Handlers\FileHandler' driver.
DEBUG - 2026-10-02 12:07:47 --> Session: Class initialized using 'CodeIgniter\Session\Handlers\FileHandler' driver.
DEBUG - 2026-10-02 12:08:05 --> Session: Class initialized using 'CodeIgniter\Session\Handlers\FileHandler' driver.
DEBUG - 2026-10-02 12:08:27 --> Session: Class initialized using 'CodeIgniter\Session\Handlers\FileHandler' driver.
DEBUG - 2026-10-02 12:08:29 --> Session: Class initialized using 'CodeIgniter\Session\Handlers\FileHandler' driver.
DEBUG - 2026-10-02 12:08:34 --> Session: Class initialized using 'CodeIgniter\Session\Handlers\FileHandler' driver.
DEBUG - 2026-10-02 12:08:36 --> Session: Class initialized using 'CodeIgniter\Session\Handlers\FileHandler' driver.
DEBUG - 2026-10-02 12:08:48 --> Session: Class initialized using 'CodeIgniter\Session\Handlers\FileHandler' driver.
DEBUG - 2026-10-02 12:08:51 --> Session: Class initialized using 'CodeIgniter\Session\Handlers\FileHandler' driver.
DEBUG - 2026-10-02 12:11:35 --> Session: Class initialized using 'CodeIgniter\Session\Handlers\FileHandler' driver.
DEBUG - 2026-10-02 12:12:20 --> Session: Class initialized using 'CodeIgniter\Session\Handlers\FileHandler' driver.
DEBUG - 2026-10-02 12:12:37 --> Session: Class initialized using 'CodeIgniter\Session\Handlers\FileHandler' driver.
DEBUG - 2026-10-02 12:12:48 --> Session: Class initialized using 'CodeIgniter\Session\Handlers\FileHandler' driver.
DEBUG - 2026-10-02 12:13:01 --> Session: Class initialized using 'CodeIgniter\Session\Handlers\FileHandler' driver.
DEBUG - 2026-10-02 12:13:24 --> Session: Class initialized using 'CodeIgniter\Session\Handlers\FileHandler' driver.
DEBUG - 2026-10-02 12:13:58 --> Session: Class initialized using 'CodeIgniter\Session\Handlers\FileHandler' driver.
DEBUG - 2026-10-02 12:14:44 --> Session: Class initialized using 'CodeIgniter\Session\Handlers\FileHandler' driver.
DEBUG - 2026-10-02 12:15:13 --> Session: Class initialized using 'CodeIgniter\Session\Handlers\FileHandler' driver.
DEBUG - 2026-10-02 12:15:31 --> Session: Class initialized using 'CodeIgniter\Session\Handlers\FileHandler' driver.
DEBUG - 2026-10-02 12:16:28 --> Session: Class initialized using 'CodeIgniter\Session\Handlers\FileHandler' driver.
DEBUG - 2026-10-02 12:16:59 --> Session: Class initialized using 'CodeIgniter\Session\Handlers\FileHandler' driver.
DEBUG - 2026-10-02 12:17:22 --> Session: Class initialized using 'CodeIgniter\Session\Handlers\FileHandler' driver.
DEBUG - 2026-10-02 12:18:12 --> Session: Class initialized using 'CodeIgniter\Session\Handlers\FileHandler' driver.
DEBUG - 2026-10-02 12:19:09 --> Session: Class initialized using 'CodeIgniter\Session\Handlers\FileHandler' driver.
DEBUG - 2026-10-02 12:19:27 --> Session: Class initialized using 'CodeIgniter\Session\Handlers\FileHandler' driver.
DEBUG - 2026-10-02 12:19:35 --> Session: Class initialized using 'CodeIgniter\Session\Handlers\FileHandler' driver.
DEBUG - 2026-10-02 12:20:13 --> Session: Class initialized using 'CodeIgniter\Session\Handlers\FileHandler' driver.
DEBUG - 2026-10-02 12:20:23 --> Session: Class initialized using 'CodeIgniter\Session\Handlers\FileHandler' driver.
DEBUG - 2026-10-02 12:21:15 --> Session: Class initialized using 'CodeIgniter\Session\Handlers\FileHandler' driver.
DEBUG - 2026-10-02 12:21:43 --> Session: Class initialized using 'CodeIgniter\Session\Handlers\FileHandler' driver.
DEBUG - 2026-10-02 12:22:16 --> Session: Class initialized using 'CodeIgniter\Session\Handlers\FileHandler' driver.
DEBUG - 2026-10-02 12:22:44 --> Session: Class initialized using 'CodeIgniter\Session\Handlers\FileHandler' driver.
DEBUG - 2026-10-02 12:22:58 --> Session: Class initialized using 'CodeIgniter\Session\Handlers\FileHandler' driver.
DEBUG - 2026-10-02 12:23:06 --> Session: Class initialized using 'CodeIgniter\Session\Handlers\FileHandler' driver.
DEBUG - 2026-10-02 12:23:14 --> Session: Class initialized using 'CodeIgniter\Session\Handlers\FileHandler' driver.
DEBUG - 2026-10-02 12:23:19 --> Session: Class initialized using 'CodeIgniter\Session\Handlers\FileHandler' driver.
DEBUG - 2026-10-02 12:23:35 --> Session: Class initialized using 'CodeIgniter\Session\Handlers\FileHandler' driver.
DEBUG - 2026-10-02 12:23:40 --> Session: Class initialized using 'CodeIgniter\Session\Handlers\FileHandler' driver.
DEBUG - 2026-10-02 12:23:43 --> Session: Class initialized using 'CodeIgniter\Session\Handlers\FileHandler' driver.
DEBUG - 2026-10-02 12:23:59 --> Session: Class initialized using 'CodeIgniter\Session\Handlers\FileHandler' driver.
DEBUG - 2026-10-02 12:24:13 --> Session: Class initialized using 'CodeIgniter\Session\Handlers\FileHandler' driver.
DEBUG - 2026-10-02 12:24:34 --> Session: Class initialized using 'CodeIgniter\Session\Handlers\FileHandler' driver.
DEBUG - 2026-10-02 12:24:34 --> Session: Class initialized using 'CodeIgniter\Session\Handlers\FileHandler' driver.
DEBUG - 2026-10-02 12:24:37 --> Session: Class initialized using 'CodeIgniter\Session\Handlers\FileHandler' driver.
DEBUG - 2026-10-02 12:24:37 --> Session: Class initialized using 'CodeIgniter\Session\Handlers\FileHandler' driver.
DEBUG - 2026-10-02 12:24:40 --> Session: Class initialized using 'CodeIgniter\Session\Handlers\FileHandler' driver.
DEBUG - 2026-10-02 12:28:16 --> Session: Class initialized using 'CodeIgniter\Session\Handlers\FileHandler' driver.
DEBUG - 2026-10-02 12:28:19 --> Session: Class initialized using 'CodeIgniter\Session\Handlers\FileHandler' driver.
DEBUG - 2026-10-02 12:28:24 --> Session: Class initialized using 'CodeIgniter\Session\Handlers\FileHandler' driver.
DEBUG - 2026-10-02 12:28:24 --> Session: Class initialized using 'CodeIgniter\Session\Handlers\FileHandler' driver.
DEBUG - 2026-10-02 12:28:27 --> Session: Class initialized using 'CodeIgniter\Session\Handlers\FileHandler' driver.
DEBUG - 2026-10-02 12:28:27 --> Session: Class initialized using 'CodeIgniter\Session\Handlers\FileHandler' driver.
DEBUG - 2026-10-02 12:28:50 --> Session: Class initialized using 'CodeIgniter\Session\Handlers\FileHandler' driver.
DEBUG - 2026-10-02 12:28:58 --> Session: Class initialized using 'CodeIgniter\Session\Handlers\FileHandler' driver.
DEBUG - 2026-10-02 12:29:22 --> Session: Class initialized using 'CodeIgniter\Session\Handlers\FileHandler' driver.
DEBUG - 2026-10-02 12:29:33 --> Session: Class initialized using 'CodeIgniter\Session\Handlers\FileHandler' driver.
DEBUG - 2026-10-02 12:29:45 --> Session: Class initialized using 'CodeIgniter\Session\Handlers\FileHandler' driver.
DEBUG - 2026-10-02 12:29:46 --> Session: Class initialized using 'CodeIgniter\Session\Handlers\FileHandler' driver.
DEBUG - 2026-10-02 12:29:48 --> Session: Class initialized using 'CodeIgniter\Session\Handlers\FileHandler' driver.
DEBUG - 2026-10-02 12:29:49 --> Session: Class initialized using 'CodeIgniter\Session\Handlers\FileHandler' driver.
DEBUG - 2026-10-02 12:29:49 --> Session: Class initialized using 'CodeIgniter\Session\Handlers\FileHandler' driver.
DEBUG - 2026-10-02 12:29:57 --> Session: Class initialized using 'CodeIgniter\Session\Handlers\FileHandler' driver.
DEBUG - 2026-10-02 12:30:09 --> Session: Class initialized using 'CodeIgniter\Session\Handlers\FileHandler' driver.
DEBUG - 2026-10-02 12:30:09 --> Session: Class initialized using 'CodeIgniter\Session\Handlers\FileHandler' driver.
DEBUG - 2026-10-02 12:30:12 --> Session: Class initialized using 'CodeIgniter\Session\Handlers\FileHandler' driver.
DEBUG - 2026-10-02 12:30:12 --> Session: Class initialized using 'CodeIgniter\Session\Handlers\FileHandler' driver.
DEBUG - 2026-10-02 12:30:17 --> Session: Class initialized using 'CodeIgniter\Session\Handlers\FileHandler' driver.
DEBUG - 2026-10-02 12:30:37 --> Session: Class initialized using 'CodeIgniter\Session\Handlers\FileHandler' driver.
DEBUG - 2026-10-02 12:30:47 --> Session: Class initialized using 'CodeIgniter\Session\Handlers\FileHandler' driver.
DEBUG - 2026-10-02 12:32:23 --> Session: Class initialized using 'CodeIgniter\Session\Handlers\FileHandler' driver.
DEBUG - 2026-10-02 12:32:58 --> Session: Class initialized using 'CodeIgniter\Session\Handlers\FileHandler' driver.
DEBUG - 2026-10-02 12:33:27 --> Session: Class initialized using 'CodeIgniter\Session\Handlers\FileHandler' driver.
DEBUG - 2026-10-02 12:33:48 --> Session: Class initialized using 'CodeIgniter\Session\Handlers\FileHandler' driver.
DEBUG - 2026-10-02 12:34:12 --> Session: Class initialized using 'CodeIgniter\Session\Handlers\FileHandler' driver.
DEBUG - 2026-10-02 12:34:57 --> Session: Class initialized using 'CodeIgniter\Session\Handlers\FileHandler' driver.
DEBUG - 2026-10-02 12:34:58 --> Session: Class initialized using 'CodeIgniter\Session\Handlers\FileHandler' driver.
DEBUG - 2026-10-02 12:37:37 --> Session: Class initialized using 'CodeIgniter\Session\Handlers\FileHandler' driver.
DEBUG - 2026-10-02 12:37:40 --> Session: Class initialized using 'CodeIgniter\Session\Handlers\FileHandler' driver.
DEBUG - 2026-10-02 12:38:11 --> Session: Class initialized using 'CodeIgniter\Session\Handlers\FileHandler' driver.
DEBUG - 2026-10-02 12:39:15 --> Session: Class initialized using 'CodeIgniter\Session\Handlers\FileHandler' driver.
DEBUG - 2026-10-02 13:24:41 --> Session: Class initialized using 'CodeIgniter\Session\Handlers\FileHandler' driver.
DEBUG - 2026-10-02 13:25:06 --> Session: Class initialized using 'CodeIgniter\Session\Handlers\FileHandler' driver.
DEBUG - 2026-10-02 13:25:06 --> Session: Class initialized using 'CodeIgniter\Session\Handlers\FileHandler' driver.
DEBUG - 2026-10-02 13:25:09 --> Session: Class initialized using 'CodeIgniter\Session\Handlers\FileHandler' driver.
DEBUG - 2026-10-02 13:25:10 --> Session: Class initialized using 'CodeIgniter\Session\Handlers\FileHandler' driver.
DEBUG - 2026-10-02 13:25:10 --> Session: Class initialized using 'CodeIgniter\Session\Handlers\FileHandler' driver.
DEBUG - 2026-10-02 13:25:21 --> Session: Class initialized using 'CodeIgniter\Session\Handlers\FileHandler' driver.
DEBUG - 2026-10-02 13:25:39 --> Session: Class initialized using 'CodeIgniter\Session\Handlers\FileHandler' driver.
DEBUG - 2026-10-02 13:26:00 --> Session: Class initialized using 'CodeIgniter\Session\Handlers\FileHandler' driver.
DEBUG - 2026-10-02 13:26:12 --> Session: Class initialized using 'CodeIgniter\Session\Handlers\FileHandler' driver.
DEBUG - 2026-10-02 13:35:10 --> Session: Class initialized using 'CodeIgniter\Session\Handlers\FileHandler' driver.
DEBUG - 2026-10-02 13:35:18 --> Session: Class initialized using 'CodeIgniter\Session\Handlers\FileHandler' driver.
DEBUG - 2026-10-02 13:35:36 --> Session: Class initialized using 'CodeIgniter\Session\Handlers\FileHandler' driver.
DEBUG - 2026-10-02 13:35:41 --> Session: Class initialized using 'CodeIgniter\Session\Handlers\FileHandler' driver.
DEBUG - 2026-10-02 13:35:49 --> Session: Class initialized using 'CodeIgniter\Session\Handlers\FileHandler' driver.
DEBUG - 2026-10-02 13:37:35 --> Session: Class initialized using 'CodeIgniter\Session\Handlers\FileHandler' driver.
DEBUG - 2026-10-02 13:37:35 --> Session: Class initialized using 'CodeIgniter\Session\Handlers\FileHandler' driver.
DEBUG - 2026-10-02 13:37:38 --> Session: Class initialized using 'CodeIgniter\Session\Handlers\FileHandler' driver.
DEBUG - 2026-10-02 13:37:38 --> Session: Class initialized using 'CodeIgniter\Session\Handlers\FileHandler' driver.
DEBUG - 2026-10-02 13:37:43 --> Session: Class initialized using 'CodeIgniter\Session\Handlers\FileHandler' driver.
DEBUG - 2026-10-02 13:37:53 --> Session: Class initialized using 'CodeIgniter\Session\Handlers\FileHandler' driver.
DEBUG - 2026-10-02 13:37:56 --> Session: Class initialized using 'CodeIgniter\Session\Handlers\FileHandler' driver.
DEBUG - 2026-10-02 13:38:03 --> Session: Class initialized using 'CodeIgniter\Session\Handlers\FileHandler' driver.
DEBUG - 2026-10-02 13:38:04 --> Session: Class initialized using 'CodeIgniter\Session\Handlers\FileHandler' driver.
DEBUG - 2026-10-02 13:38:13 --> Session: Class initialized using 'CodeIgniter\Session\Handlers\FileHandler' driver.
DEBUG - 2026-10-02 13:38:23 --> Session: Class initialized using 'CodeIgniter\Session\Handlers\FileHandler' driver.
DEBUG - 2026-10-02 13:38:25 --> Session: Class initialized using 'CodeIgniter\Session\Handlers\FileHandler' driver.
DEBUG - 2026-10-02 13:38:32 --> Session: Class initialized using 'CodeIgniter\Session\Handlers\FileHandler' driver.
DEBUG - 2026-10-02 13:38:39 --> Session: Class initialized using 'CodeIgniter\Session\Handlers\FileHandler' driver.
DEBUG - 2026-10-02 13:38:54 --> Session: Class initialized using 'CodeIgniter\Session\Handlers\FileHandler' driver.
DEBUG - 2026-10-02 13:40:42 --> Session: Class initialized using 'CodeIgniter\Session\Handlers\FileHandler' driver.
DEBUG - 2026-10-02 13:41:24 --> Session: Class initialized using 'CodeIgniter\Session\Handlers\FileHandler' driver.
DEBUG - 2026-10-02 13:41:24 --> Session: Class initialized using 'CodeIgniter\Session\Handlers\FileHandler' driver.
DEBUG - 2026-10-02 13:41:27 --> Session: Class initialized using 'CodeIgniter\Session\Handlers\FileHandler' driver.
DEBUG - 2026-10-02 13:41:27 --> Session: Class initialized using 'CodeIgniter\Session\Handlers\FileHandler' driver.
DEBUG - 2026-10-02 13:41:28 --> Session: Class initialized using 'CodeIgniter\Session\Handlers\FileHandler' driver.
DEBUG - 2026-10-02 13:41:32 --> Session: Class initialized using 'CodeIgniter\Session\Handlers\FileHandler' driver.
DEBUG - 2026-10-02 13:41:50 --> Session: Class initialized using 'CodeIgniter\Session\Handlers\FileHandler' driver.
DEBUG - 2026-10-02 13:41:50 --> Session: Class initialized using 'CodeIgniter\Session\Handlers\FileHandler' driver.
DEBUG - 2026-10-02 13:42:00 --> Session: Class initialized using 'CodeIgniter\Session\Handlers\FileHandler' driver.
DEBUG - 2026-10-02 13:42:00 --> Session: Class initialized using 'CodeIgniter\Session\Handlers\FileHandler' driver.
DEBUG - 2026-10-02 13:42:57 --> Session: Class initialized using 'CodeIgniter\Session\Handlers\FileHandler' driver.
DEBUG - 2026-10-02 13:43:11 --> Session: Class initialized using 'CodeIgniter\Session\Handlers\FileHandler' driver.
DEBUG - 2026-10-02 13:45:29 --> Session: Class initialized using 'CodeIgniter\Session\Handlers\FileHandler' driver.
DEBUG - 2026-10-02 13:45:29 --> Session: Class initialized using 'CodeIgniter\Session\Handlers\FileHandler' driver.
DEBUG - 2026-10-02 13:45:52 --> Session: Class initialized using 'CodeIgniter\Session\Handlers\FileHandler' driver.
DEBUG - 2026-10-02 13:45:53 --> Session: Class initialized using 'CodeIgniter\Session\Handlers\FileHandler' driver.
DEBUG - 2026-10-02 13:45:57 --> Session: Class initialized using 'CodeIgniter\Session\Handlers\FileHandler' driver.
DEBUG - 2026-10-02 13:46:22 --> Session: Class initialized using 'CodeIgniter\Session\Handlers\FileHandler' driver.
DEBUG - 2026-10-02 13:46:22 --> Session: Class initialized using 'CodeIgniter\Session\Handlers\FileHandler' driver.
DEBUG - 2026-10-02 13:46:35 --> Session: Class initialized using 'CodeIgniter\Session\Handlers\FileHandler' driver.
DEBUG - 2026-10-02 13:51:58 --> Session: Class initialized using 'CodeIgniter\Session\Handlers\FileHandler' driver.
DEBUG - 2026-10-02 13:52:18 --> Session: Class initialized using 'CodeIgniter\Session\Handlers\FileHandler' driver.
DEBUG - 2026-10-02 13:52:18 --> Session: Class initialized using 'CodeIgniter\Session\Handlers\FileHandler' driver.
DEBUG - 2026-10-02 13:53:30 --> Session: Class initialized using 'CodeIgniter\Session\Handlers\FileHandler' driver.
DEBUG - 2026-10-02 13:53:31 --> Session: Class initialized using 'CodeIgniter\Session\Handlers\FileHandler' driver.
DEBUG - 2026-10-02 13:54:18 --> Session: Class initialized using 'CodeIgniter\Session\Handlers\FileHandler' driver.
DEBUG - 2026-10-02 13:54:19 --> Session: Class initialized using 'CodeIgniter\Session\Handlers\FileHandler' driver.
DEBUG - 2026-10-02 13:54:26 --> Session: Class initialized using 'CodeIgniter\Session\Handlers\FileHandler' driver.
DEBUG - 2026-10-02 13:54:29 --> Session: Class initialized using 'CodeIgniter\Session\Handlers\FileHandler' driver.
DEBUG - 2026-10-02 13:54:48 --> Session: Class initialized using 'CodeIgniter\Session\Handlers\FileHandler' driver.
DEBUG - 2026-10-02 13:54:49 --> Session: Class initialized using 'CodeIgniter\Session\Handlers\FileHandler' driver.
DEBUG - 2026-10-02 13:55:04 --> Session: Class initialized using 'CodeIgniter\Session\Handlers\FileHandler' driver.
DEBUG - 2026-10-02 13:55:04 --> Session: Class initialized using 'CodeIgniter\Session\Handlers\FileHandler' driver.
DEBUG - 2026-10-02 13:55:20 --> Session: Class initialized using 'CodeIgniter\Session\Handlers\FileHandler' driver.
DEBUG - 2026-10-02 13:55:21 --> Session: Class initialized using 'CodeIgniter\Session\Handlers\FileHandler' driver.
DEBUG - 2026-10-02 13:55:27 --> Session: Class initialized using 'CodeIgniter\Session\Handlers\FileHandler' driver.
DEBUG - 2026-10-02 13:55:28 --> Session: Class initialized using 'CodeIgniter\Session\Handlers\FileHandler' driver.
DEBUG - 2026-10-02 13:55:40 --> Session: Class initialized using 'CodeIgniter\Session\Handlers\FileHandler' driver.
DEBUG - 2026-10-02 13:55:41 --> Session: Class initialized using 'CodeIgniter\Session\Handlers\FileHandler' driver.
DEBUG - 2026-10-02 13:56:36 --> Session: Class initialized using 'CodeIgniter\Session\Handlers\FileHandler' driver.
DEBUG - 2026-10-02 13:56:36 --> Session: Class initialized using 'CodeIgniter\Session\Handlers\FileHandler' driver.
DEBUG - 2026-10-02 13:56:57 --> Session: Class initialized using 'CodeIgniter\Session\Handlers\FileHandler' driver.
DEBUG - 2026-10-02 13:56:58 --> Session: Class initialized using 'CodeIgniter\Session\Handlers\FileHandler' driver.
DEBUG - 2026-10-02 13:57:40 --> Session: Class initialized using 'CodeIgniter\Session\Handlers\FileHandler' driver.
DEBUG - 2026-10-02 13:57:41 --> Session: Class initialized using 'CodeIgniter\Session\Handlers\FileHandler' driver.
DEBUG - 2026-10-02 13:57:55 --> Session: Class initialized using 'CodeIgniter\Session\Handlers\FileHandler' driver.
DEBUG - 2026-10-02 13:57:56 --> Session: Class initialized using 'CodeIgniter\Session\Handlers\FileHandler' driver.
DEBUG - 2026-10-02 13:58:01 --> Session: Class initialized using 'CodeIgniter\Session\Handlers\FileHandler' driver.
DEBUG - 2026-10-02 14:02:22 --> Session: Class initialized using 'CodeIgniter\Session\Handlers\FileHandler' driver.
DEBUG - 2026-10-02 14:02:22 --> Session: Class initialized using 'CodeIgniter\Session\Handlers\FileHandler' driver.
DEBUG - 2026-10-02 14:02:41 --> Session: Class initialized using 'CodeIgniter\Session\Handlers\FileHandler' driver.
DEBUG - 2026-10-02 14:02:46 --> Session: Class initialized using 'CodeIgniter\Session\Handlers\FileHandler' driver.
DEBUG - 2026-10-02 14:02:46 --> Session: Class initialized using 'CodeIgniter\Session\Handlers\FileHandler' driver.
DEBUG - 2026-10-02 14:02:46 --> Session: Class initialized using 'CodeIgniter\Session\Handlers\FileHandler' driver.
DEBUG - 2026-10-02 14:02:50 --> Session: Class initialized using 'CodeIgniter\Session\Handlers\FileHandler' driver.
DEBUG - 2026-10-02 14:02:50 --> Session: Class initialized using 'CodeIgniter\Session\Handlers\FileHandler' driver.
DEBUG - 2026-10-02 14:03:06 --> Session: Class initialized using 'CodeIgniter\Session\Handlers\FileHandler' driver.
DEBUG - 2026-10-02 14:03:14 --> Session: Class initialized using 'CodeIgniter\Session\Handlers\FileHandler' driver.
DEBUG - 2026-10-02 14:03:15 --> Session: Class initialized using 'CodeIgniter\Session\Handlers\FileHandler' driver.
DEBUG - 2026-10-02 14:03:17 --> Session: Class initialized using 'CodeIgniter\Session\Handlers\FileHandler' driver.
DEBUG - 2026-10-02 14:03:31 --> Session: Class initialized using 'CodeIgniter\Session\Handlers\FileHandler' driver.
DEBUG - 2026-10-02 14:05:34 --> Session: Class initialized using 'CodeIgniter\Session\Handlers\FileHandler' driver.
DEBUG - 2026-10-02 14:05:36 --> Session: Class initialized using 'CodeIgniter\Session\Handlers\FileHandler' driver.
DEBUG - 2026-10-02 14:05:36 --> Session: Class initialized using 'CodeIgniter\Session\Handlers\FileHandler' driver.
DEBUG - 2026-10-02 14:06:01 --> Session: Class initialized using 'CodeIgniter\Session\Handlers\FileHandler' driver.
DEBUG - 2026-10-02 14:06:07 --> Session: Class initialized using 'CodeIgniter\Session\Handlers\FileHandler' driver.
DEBUG - 2026-10-02 14:06:11 --> Session: Class initialized using 'CodeIgniter\Session\Handlers\FileHandler' driver.
DEBUG - 2026-10-02 14:06:12 --> Session: Class initialized using 'CodeIgniter\Session\Handlers\FileHandler' driver.
DEBUG - 2026-10-02 14:06:20 --> Session: Class initialized using 'CodeIgniter\Session\Handlers\FileHandler' driver.
DEBUG - 2026-10-02 14:06:21 --> Session: Class initialized using 'CodeIgniter\Session\Handlers\FileHandler' driver.
DEBUG - 2026-10-02 14:06:25 --> Session: Class initialized using 'CodeIgniter\Session\Handlers\FileHandler' driver.
DEBUG - 2026-10-02 14:06:25 --> Session: Class initialized using 'CodeIgniter\Session\Handlers\FileHandler' driver.
DEBUG - 2026-10-02 14:06:45 --> Session: Class initialized using 'CodeIgniter\Session\Handlers\FileHandler' driver.
DEBUG - 2026-10-02 14:06:52 --> Session: Class initialized using 'CodeIgniter\Session\Handlers\FileHandler' driver.
CRITICAL - 2026-10-02 14:09:21 --> ErrorException: ini_set(): Session ini settings cannot be changed after headers have already been sent
[Method: POST, Route: pelaksanaan/progres/simpan]
in SYSTEMPATH\Session\Handlers\FileHandler.php on line 73.
 1 [internal function]: CodeIgniter\Debug\Exceptions->errorHandler(2, 'ini_set(): Session ini settings cannot be changed after headers have already been sent', 'C:\\xampp\\htdocs\\revit-smp\\vendor\\codeigniter4\\framework\\system\\Session\\Handlers\\FileHandler.php', 73)
 2 SYSTEMPATH\Session\Handlers\FileHandler.php(73): ini_set('session.save_path', 'C:\\xampp\\htdocs\\revit-smp\\writable\\session')
 3 SYSTEMPATH\Config\Services.php(701): CodeIgniter\Session\Handlers\FileHandler->__construct(Object(Config\Session), '::1')
 4 SYSTEMPATH\Config\BaseService.php(325): CodeIgniter\Config\Services::session(Object(Config\Session), false)
 5 SYSTEMPATH\Config\BaseService.php(264): CodeIgniter\Config\BaseService::__callStatic('session', [...])
 6 SYSTEMPATH\Config\Services.php(668): CodeIgniter\Config\BaseService::getSharedInstance('session', null)
 7 SYSTEMPATH\Config\BaseService.php(334): CodeIgniter\Config\Services::session()
 8 SYSTEMPATH\Config\BaseService.php(203): CodeIgniter\Config\BaseService::__callStatic('session', [])
 9 SYSTEMPATH\Common.php(1096): CodeIgniter\Config\BaseService::get('session')
10 SYSTEMPATH\Common.php(1069): service('session')
11 APPPATH\Filters\AuthFilter.php(13): session()
12 SYSTEMPATH\Filters\Filters.php(241): App\Filters\AuthFilter->before(Object(CodeIgniter\HTTP\IncomingRequest), null)
13 SYSTEMPATH\Filters\Filters.php(221): CodeIgniter\Filters\Filters->runBefore([...])
14 SYSTEMPATH\CodeIgniter.php(488): CodeIgniter\Filters\Filters->run('pelaksanaan/progres/simpan', 'before')
15 SYSTEMPATH\CodeIgniter.php(363): CodeIgniter\CodeIgniter->handleRequest(null, Object(Config\Cache), false)
16 SYSTEMPATH\Boot.php(417): CodeIgniter\CodeIgniter->run()
17 SYSTEMPATH\Boot.php(68): CodeIgniter\Boot::runCodeIgniter(Object(CodeIgniter\CodeIgniter))
18 FCPATH\index.php(14): CodeIgniter\Boot::bootWeb(Object(Config\Paths))
DEBUG - 2026-10-02 14:11:48 --> Session: Class initialized using 'CodeIgniter\Session\Handlers\FileHandler' driver.
DEBUG - 2026-10-02 14:13:18 --> Session: Class initialized using 'CodeIgniter\Session\Handlers\FileHandler' driver.
DEBUG - 2026-10-02 14:13:26 --> Session: Class initialized using 'CodeIgniter\Session\Handlers\FileHandler' driver.
DEBUG - 2026-10-02 14:13:27 --> Session: Class initialized using 'CodeIgniter\Session\Handlers\FileHandler' driver.
DEBUG - 2026-10-02 14:14:11 --> Session: Class initialized using 'CodeIgniter\Session\Handlers\FileHandler' driver.
DEBUG - 2026-10-02 14:14:11 --> Session: Class initialized using 'CodeIgniter\Session\Handlers\FileHandler' driver.
DEBUG - 2026-10-02 14:14:17 --> Session: Class initialized using 'CodeIgniter\Session\Handlers\FileHandler' driver.
DEBUG - 2026-10-02 14:14:19 --> Session: Class initialized using 'CodeIgniter\Session\Handlers\FileHandler' driver.
DEBUG - 2026-10-02 14:14:54 --> Session: Class initialized using 'CodeIgniter\Session\Handlers\FileHandler' driver.
DEBUG - 2026-10-02 14:14:55 --> Session: Class initialized using 'CodeIgniter\Session\Handlers\FileHandler' driver.
DEBUG - 2026-10-02 14:15:34 --> Session: Class initialized using 'CodeIgniter\Session\Handlers\FileHandler' driver.
DEBUG - 2026-10-02 14:15:48 --> Session: Class initialized using 'CodeIgniter\Session\Handlers\FileHandler' driver.
DEBUG - 2026-10-02 14:15:48 --> Session: Class initialized using 'CodeIgniter\Session\Handlers\FileHandler' driver.
DEBUG - 2026-10-02 14:15:55 --> Session: Class initialized using 'CodeIgniter\Session\Handlers\FileHandler' driver.
DEBUG - 2026-10-02 14:15:55 --> Session: Class initialized using 'CodeIgniter\Session\Handlers\FileHandler' driver.
DEBUG - 2026-10-02 14:15:55 --> Session: Class initialized using 'CodeIgniter\Session\Handlers\FileHandler' driver.
DEBUG - 2026-10-02 14:16:00 --> Session: Class initialized using 'CodeIgniter\Session\Handlers\FileHandler' driver.
DEBUG - 2026-10-02 14:16:05 --> Session: Class initialized using 'CodeIgniter\Session\Handlers\FileHandler' driver.
DEBUG - 2026-10-02 14:16:06 --> Session: Class initialized using 'CodeIgniter\Session\Handlers\FileHandler' driver.
DEBUG - 2026-10-02 14:16:11 --> Session: Class initialized using 'CodeIgniter\Session\Handlers\FileHandler' driver.
DEBUG - 2026-10-02 14:16:11 --> Session: Class initialized using 'CodeIgniter\Session\Handlers\FileHandler' driver.
DEBUG - 2026-10-02 14:16:28 --> Session: Class initialized using 'CodeIgniter\Session\Handlers\FileHandler' driver.
DEBUG - 2026-10-02 14:16:28 --> Session: Class initialized using 'CodeIgniter\Session\Handlers\FileHandler' driver.
DEBUG - 2026-10-02 14:16:31 --> Session: Class initialized using 'CodeIgniter\Session\Handlers\FileHandler' driver.
DEBUG - 2026-10-02 14:16:32 --> Session: Class initialized using 'CodeIgniter\Session\Handlers\FileHandler' driver.
DEBUG - 2026-10-02 14:16:34 --> Session: Class initialized using 'CodeIgniter\Session\Handlers\FileHandler' driver.
DEBUG - 2026-10-02 14:16:36 --> Session: Class initialized using 'CodeIgniter\Session\Handlers\FileHandler' driver.
DEBUG - 2026-10-02 14:17:08 --> Session: Class initialized using 'CodeIgniter\Session\Handlers\FileHandler' driver.
DEBUG - 2026-10-02 14:17:08 --> Session: Class initialized using 'CodeIgniter\Session\Handlers\FileHandler' driver.
DEBUG - 2026-10-02 14:17:37 --> Session: Class initialized using 'CodeIgniter\Session\Handlers\FileHandler' driver.
DEBUG - 2026-10-02 14:17:37 --> Session: Class initialized using 'CodeIgniter\Session\Handlers\FileHandler' driver.
CRITICAL - 2026-10-02 14:18:52 --> ErrorException: ini_set(): Session ini settings cannot be changed after headers have already been sent
[Method: POST, Route: pelaksanaan/progres/simpan]
in SYSTEMPATH\Session\Handlers\FileHandler.php on line 73.
 1 [internal function]: CodeIgniter\Debug\Exceptions->errorHandler(2, 'ini_set(): Session ini settings cannot be changed after headers have already been sent', 'C:\\xampp\\htdocs\\revit-smp\\vendor\\codeigniter4\\framework\\system\\Session\\Handlers\\FileHandler.php', 73)
 2 SYSTEMPATH\Session\Handlers\FileHandler.php(73): ini_set('session.save_path', 'C:\\xampp\\htdocs\\revit-smp\\writable\\session')
 3 SYSTEMPATH\Config\Services.php(701): CodeIgniter\Session\Handlers\FileHandler->__construct(Object(Config\Session), '::1')
 4 SYSTEMPATH\Config\BaseService.php(325): CodeIgniter\Config\Services::session(Object(Config\Session), false)
 5 SYSTEMPATH\Config\BaseService.php(264): CodeIgniter\Config\BaseService::__callStatic('session', [...])
 6 SYSTEMPATH\Config\Services.php(668): CodeIgniter\Config\BaseService::getSharedInstance('session', null)
 7 SYSTEMPATH\Config\BaseService.php(334): CodeIgniter\Config\Services::session()
 8 SYSTEMPATH\Config\BaseService.php(203): CodeIgniter\Config\BaseService::__callStatic('session', [])
 9 SYSTEMPATH\Common.php(1096): CodeIgniter\Config\BaseService::get('session')
10 SYSTEMPATH\Common.php(1069): service('session')
11 APPPATH\Filters\AuthFilter.php(13): session()
12 SYSTEMPATH\Filters\Filters.php(241): App\Filters\AuthFilter->before(Object(CodeIgniter\HTTP\IncomingRequest), null)
13 SYSTEMPATH\Filters\Filters.php(221): CodeIgniter\Filters\Filters->runBefore([...])
14 SYSTEMPATH\CodeIgniter.php(488): CodeIgniter\Filters\Filters->run('pelaksanaan/progres/simpan', 'before')
15 SYSTEMPATH\CodeIgniter.php(363): CodeIgniter\CodeIgniter->handleRequest(null, Object(Config\Cache), false)
16 SYSTEMPATH\Boot.php(417): CodeIgniter\CodeIgniter->run()
17 SYSTEMPATH\Boot.php(68): CodeIgniter\Boot::runCodeIgniter(Object(CodeIgniter\CodeIgniter))
18 FCPATH\index.php(14): CodeIgniter\Boot::bootWeb(Object(Config\Paths))
CRITICAL - 2026-10-02 14:41:07 --> ErrorException: ini_set(): Session ini settings cannot be changed after headers have already been sent
[Method: POST, Route: pelaksanaan/progres/simpan]
in SYSTEMPATH\Session\Handlers\FileHandler.php on line 73.
 1 [internal function]: CodeIgniter\Debug\Exceptions->errorHandler(2, 'ini_set(): Session ini settings cannot be changed after headers have already been sent', 'C:\\xampp\\htdocs\\revit-smp\\vendor\\codeigniter4\\framework\\system\\Session\\Handlers\\FileHandler.php', 73)
 2 SYSTEMPATH\Session\Handlers\FileHandler.php(73): ini_set('session.save_path', 'C:\\xampp\\htdocs\\revit-smp\\writable\\session')
 3 SYSTEMPATH\Config\Services.php(701): CodeIgniter\Session\Handlers\FileHandler->__construct(Object(Config\Session), '::1')
 4 SYSTEMPATH\Config\BaseService.php(325): CodeIgniter\Config\Services::session(Object(Config\Session), false)
 5 SYSTEMPATH\Config\BaseService.php(264): CodeIgniter\Config\BaseService::__callStatic('session', [...])
 6 SYSTEMPATH\Config\Services.php(668): CodeIgniter\Config\BaseService::getSharedInstance('session', null)
 7 SYSTEMPATH\Config\BaseService.php(334): CodeIgniter\Config\Services::session()
 8 SYSTEMPATH\Config\BaseService.php(203): CodeIgniter\Config\BaseService::__callStatic('session', [])
 9 SYSTEMPATH\Common.php(1096): CodeIgniter\Config\BaseService::get('session')
10 SYSTEMPATH\Common.php(1069): service('session')
11 APPPATH\Filters\AuthFilter.php(13): session()
12 SYSTEMPATH\Filters\Filters.php(241): App\Filters\AuthFilter->before(Object(CodeIgniter\HTTP\IncomingRequest), null)
13 SYSTEMPATH\Filters\Filters.php(221): CodeIgniter\Filters\Filters->runBefore([...])
14 SYSTEMPATH\CodeIgniter.php(488): CodeIgniter\Filters\Filters->run('pelaksanaan/progres/simpan', 'before')
15 SYSTEMPATH\CodeIgniter.php(363): CodeIgniter\CodeIgniter->handleRequest(null, Object(Config\Cache), false)
16 SYSTEMPATH\Boot.php(417): CodeIgniter\CodeIgniter->run()
17 SYSTEMPATH\Boot.php(68): CodeIgniter\Boot::runCodeIgniter(Object(CodeIgniter\CodeIgniter))
18 FCPATH\index.php(14): CodeIgniter\Boot::bootWeb(Object(Config\Paths))
DEBUG - 2026-10-02 14:41:16 --> Session: Class initialized using 'CodeIgniter\Session\Handlers\FileHandler' driver.
DEBUG - 2026-10-02 14:41:23 --> Session: Class initialized using 'CodeIgniter\Session\Handlers\FileHandler' driver.
DEBUG - 2026-10-02 14:41:25 --> Session: Class initialized using 'CodeIgniter\Session\Handlers\FileHandler' driver.
DEBUG - 2026-10-02 14:41:28 --> Session: Class initialized using 'CodeIgniter\Session\Handlers\FileHandler' driver.
CRITICAL - 2026-10-02 14:42:51 --> ErrorException: ini_set(): Session ini settings cannot be changed after headers have already been sent
[Method: POST, Route: pelaksanaan/progres/simpan]
in SYSTEMPATH\Session\Handlers\FileHandler.php on line 73.
 1 [internal function]: CodeIgniter\Debug\Exceptions->errorHandler(2, 'ini_set(): Session ini settings cannot be changed after headers have already been sent', 'C:\\xampp\\htdocs\\revit-smp\\vendor\\codeigniter4\\framework\\system\\Session\\Handlers\\FileHandler.php', 73)
 2 SYSTEMPATH\Session\Handlers\FileHandler.php(73): ini_set('session.save_path', 'C:\\xampp\\htdocs\\revit-smp\\writable\\session')
 3 SYSTEMPATH\Config\Services.php(701): CodeIgniter\Session\Handlers\FileHandler->__construct(Object(Config\Session), '::1')
 4 SYSTEMPATH\Config\BaseService.php(325): CodeIgniter\Config\Services::session(Object(Config\Session), false)
 5 SYSTEMPATH\Config\BaseService.php(264): CodeIgniter\Config\BaseService::__callStatic('session', [...])
 6 SYSTEMPATH\Config\Services.php(668): CodeIgniter\Config\BaseService::getSharedInstance('session', null)
 7 SYSTEMPATH\Config\BaseService.php(334): CodeIgniter\Config\Services::session()
 8 SYSTEMPATH\Config\BaseService.php(203): CodeIgniter\Config\BaseService::__callStatic('session', [])
 9 SYSTEMPATH\Common.php(1096): CodeIgniter\Config\BaseService::get('session')
10 SYSTEMPATH\Common.php(1069): service('session')
11 APPPATH\Filters\AuthFilter.php(13): session()
12 SYSTEMPATH\Filters\Filters.php(241): App\Filters\AuthFilter->before(Object(CodeIgniter\HTTP\IncomingRequest), null)
13 SYSTEMPATH\Filters\Filters.php(221): CodeIgniter\Filters\Filters->runBefore([...])
14 SYSTEMPATH\CodeIgniter.php(488): CodeIgniter\Filters\Filters->run('pelaksanaan/progres/simpan', 'before')
15 SYSTEMPATH\CodeIgniter.php(363): CodeIgniter\CodeIgniter->handleRequest(null, Object(Config\Cache), false)
16 SYSTEMPATH\Boot.php(417): CodeIgniter\CodeIgniter->run()
17 SYSTEMPATH\Boot.php(68): CodeIgniter\Boot::runCodeIgniter(Object(CodeIgniter\CodeIgniter))
18 FCPATH\index.php(14): CodeIgniter\Boot::bootWeb(Object(Config\Paths))
DEBUG - 2026-10-02 14:46:42 --> Session: Class initialized using 'CodeIgniter\Session\Handlers\FileHandler' driver.
DEBUG - 2026-10-02 14:46:46 --> Session: Class initialized using 'CodeIgniter\Session\Handlers\FileHandler' driver.
DEBUG - 2026-10-02 14:46:46 --> Session: Class initialized using 'CodeIgniter\Session\Handlers\FileHandler' driver.
DEBUG - 2026-10-02 14:46:51 --> Session: Class initialized using 'CodeIgniter\Session\Handlers\FileHandler' driver.
DEBUG - 2026-10-02 14:46:51 --> Session: Class initialized using 'CodeIgniter\Session\Handlers\FileHandler' driver.
DEBUG - 2026-10-02 14:46:51 --> Session: Class initialized using 'CodeIgniter\Session\Handlers\FileHandler' driver.
DEBUG - 2026-10-02 14:46:56 --> Session: Class initialized using 'CodeIgniter\Session\Handlers\FileHandler' driver.
DEBUG - 2026-10-02 14:48:47 --> Session: Class initialized using 'CodeIgniter\Session\Handlers\FileHandler' driver.
DEBUG - 2026-10-02 14:48:50 --> Session: Class initialized using 'CodeIgniter\Session\Handlers\FileHandler' driver.
DEBUG - 2026-10-02 14:48:50 --> Session: Class initialized using 'CodeIgniter\Session\Handlers\FileHandler' driver.
DEBUG - 2026-10-02 14:48:53 --> Session: Class initialized using 'CodeIgniter\Session\Handlers\FileHandler' driver.
DEBUG - 2026-10-02 14:48:54 --> Session: Class initialized using 'CodeIgniter\Session\Handlers\FileHandler' driver.
DEBUG - 2026-10-02 14:49:06 --> Session: Class initialized using 'CodeIgniter\Session\Handlers\FileHandler' driver.
DEBUG - 2026-10-02 14:49:06 --> Session: Class initialized using 'CodeIgniter\Session\Handlers\FileHandler' driver.
DEBUG - 2026-10-02 14:49:22 --> Session: Class initialized using 'CodeIgniter\Session\Handlers\FileHandler' driver.
DEBUG - 2026-10-02 14:49:22 --> Session: Class initialized using 'CodeIgniter\Session\Handlers\FileHandler' driver.
DEBUG - 2026-10-02 14:49:26 --> Session: Class initialized using 'CodeIgniter\Session\Handlers\FileHandler' driver.
DEBUG - 2026-10-02 14:49:30 --> Session: Class initialized using 'CodeIgniter\Session\Handlers\FileHandler' driver.
CRITICAL - 2026-10-02 14:51:39 --> ErrorException: ini_set(): Session ini settings cannot be changed after headers have already been sent
[Method: POST, Route: pelaksanaan/progres/simpan]
in SYSTEMPATH\Session\Handlers\FileHandler.php on line 73.
 1 [internal function]: CodeIgniter\Debug\Exceptions->errorHandler(2, 'ini_set(): Session ini settings cannot be changed after headers have already been sent', 'C:\\xampp\\htdocs\\revit-smp\\vendor\\codeigniter4\\framework\\system\\Session\\Handlers\\FileHandler.php', 73)
 2 SYSTEMPATH\Session\Handlers\FileHandler.php(73): ini_set('session.save_path', 'C:\\xampp\\htdocs\\revit-smp\\writable\\session')
 3 SYSTEMPATH\Config\Services.php(701): CodeIgniter\Session\Handlers\FileHandler->__construct(Object(Config\Session), '::1')
 4 SYSTEMPATH\Config\BaseService.php(325): CodeIgniter\Config\Services::session(Object(Config\Session), false)
 5 SYSTEMPATH\Config\BaseService.php(264): CodeIgniter\Config\BaseService::__callStatic('session', [...])
 6 SYSTEMPATH\Config\Services.php(668): CodeIgniter\Config\BaseService::getSharedInstance('session', null)
 7 SYSTEMPATH\Config\BaseService.php(334): CodeIgniter\Config\Services::session()
 8 SYSTEMPATH\Config\BaseService.php(203): CodeIgniter\Config\BaseService::__callStatic('session', [])
 9 SYSTEMPATH\Common.php(1096): CodeIgniter\Config\BaseService::get('session')
10 SYSTEMPATH\Common.php(1069): service('session')
11 APPPATH\Filters\AuthFilter.php(13): session()
12 SYSTEMPATH\Filters\Filters.php(241): App\Filters\AuthFilter->before(Object(CodeIgniter\HTTP\IncomingRequest), null)
13 SYSTEMPATH\Filters\Filters.php(221): CodeIgniter\Filters\Filters->runBefore([...])
14 SYSTEMPATH\CodeIgniter.php(488): CodeIgniter\Filters\Filters->run('pelaksanaan/progres/simpan', 'before')
15 SYSTEMPATH\CodeIgniter.php(363): CodeIgniter\CodeIgniter->handleRequest(null, Object(Config\Cache), false)
16 SYSTEMPATH\Boot.php(417): CodeIgniter\CodeIgniter->run()
17 SYSTEMPATH\Boot.php(68): CodeIgniter\Boot::runCodeIgniter(Object(CodeIgniter\CodeIgniter))
18 FCPATH\index.php(14): CodeIgniter\Boot::bootWeb(Object(Config\Paths))
DEBUG - 2026-10-02 14:54:17 --> Session: Class initialized using 'CodeIgniter\Session\Handlers\FileHandler' driver.
DEBUG - 2026-10-02 14:54:17 --> Session: Class initialized using 'CodeIgniter\Session\Handlers\FileHandler' driver.
DEBUG - 2026-10-02 14:54:21 --> Session: Class initialized using 'CodeIgniter\Session\Handlers\FileHandler' driver.
DEBUG - 2026-10-02 14:54:21 --> Session: Class initialized using 'CodeIgniter\Session\Handlers\FileHandler' driver.
DEBUG - 2026-10-02 14:54:27 --> Session: Class initialized using 'CodeIgniter\Session\Handlers\FileHandler' driver.
DEBUG - 2026-10-02 14:54:27 --> Session: Class initialized using 'CodeIgniter\Session\Handlers\FileHandler' driver.
DEBUG - 2026-10-02 14:54:33 --> Session: Class initialized using 'CodeIgniter\Session\Handlers\FileHandler' driver.
DEBUG - 2026-10-02 14:54:33 --> Session: Class initialized using 'CodeIgniter\Session\Handlers\FileHandler' driver.
DEBUG - 2026-10-02 14:54:37 --> Session: Class initialized using 'CodeIgniter\Session\Handlers\FileHandler' driver.
DEBUG - 2026-10-02 14:54:38 --> Session: Class initialized using 'CodeIgniter\Session\Handlers\FileHandler' driver.
DEBUG - 2026-10-02 14:54:38 --> Session: Class initialized using 'CodeIgniter\Session\Handlers\FileHandler' driver.
DEBUG - 2026-10-02 14:55:24 --> Session: Class initialized using 'CodeIgniter\Session\Handlers\FileHandler' driver.
DEBUG - 2026-10-02 14:55:30 --> Session: Class initialized using 'CodeIgniter\Session\Handlers\FileHandler' driver.
DEBUG - 2026-10-02 14:55:34 --> Session: Class initialized using 'CodeIgniter\Session\Handlers\FileHandler' driver.
DEBUG - 2026-10-02 14:55:34 --> Session: Class initialized using 'CodeIgniter\Session\Handlers\FileHandler' driver.
DEBUG - 2026-10-02 14:55:41 --> Session: Class initialized using 'CodeIgniter\Session\Handlers\FileHandler' driver.
DEBUG - 2026-10-02 14:55:42 --> Session: Class initialized using 'CodeIgniter\Session\Handlers\FileHandler' driver.
DEBUG - 2026-10-02 14:55:47 --> Session: Class initialized using 'CodeIgniter\Session\Handlers\FileHandler' driver.
DEBUG - 2026-10-02 14:55:47 --> Session: Class initialized using 'CodeIgniter\Session\Handlers\FileHandler' driver.
DEBUG - 2026-10-02 14:55:47 --> Session: Class initialized using 'CodeIgniter\Session\Handlers\FileHandler' driver.
DEBUG - 2026-10-02 14:57:19 --> Session: Class initialized using 'CodeIgniter\Session\Handlers\FileHandler' driver.
DEBUG - 2026-10-02 14:57:24 --> Session: Class initialized using 'CodeIgniter\Session\Handlers\FileHandler' driver.
DEBUG - 2026-10-02 14:57:33 --> Session: Class initialized using 'CodeIgniter\Session\Handlers\FileHandler' driver.
DEBUG - 2026-10-02 14:57:33 --> Session: Class initialized using 'CodeIgniter\Session\Handlers\FileHandler' driver.
DEBUG - 2026-10-02 14:57:43 --> Session: Class initialized using 'CodeIgniter\Session\Handlers\FileHandler' driver.
DEBUG - 2026-10-02 14:57:43 --> Session: Class initialized using 'CodeIgniter\Session\Handlers\FileHandler' driver.
DEBUG - 2026-10-02 14:57:49 --> Session: Class initialized using 'CodeIgniter\Session\Handlers\FileHandler' driver.
DEBUG - 2026-10-02 14:58:17 --> Session: Class initialized using 'CodeIgniter\Session\Handlers\FileHandler' driver.
DEBUG - 2026-10-02 14:58:35 --> Session: Class initialized using 'CodeIgniter\Session\Handlers\FileHandler' driver.
